fixture_id,league,season_id,date_unix,home_id,away_id,home_team,away_team,status,odd_home_d2,odd_draw_d2,odd_away_d2,odd_btts_d2,odd_over25_d2,xg_home_pre,xg_away_pre,ppg_home,ppg_away,datahora,elo_delta,xg_n10_diff,xg_pre_diff,pct_vit_diff,ppg_diff,gols_marc_diff,gols_sof_diff,n10_home,n10_away,elo_home,elo_away,xg_home_n10,xg_away_n10,pct_vit_home,pct_vit_away,gols_marc_home,gols_marc_away,pct_over25_home,pct_over25_away,prob_bc,prob_bf,prob_btts,prob_over25,prob_o05ht,prob_btts_ht,ev_bc_d2,ev_bf_d2,ev_btts_d2,ev_over25_d2,ev_o05ht_d2,ev_btts_ht_d2,ev_bc,odd_home_atual,mov_odd_home,ev_bf,odd_away_atual,mov_odd_away,ev_over25,odd_over25_atual,mov_odd_over25,ev_btts,odd_btts_atual,mov_odd_btts,sos_home_raw,sos_home_norm,sos_home_n,sos_away_raw,sos_away_norm,sos_away_n,z_gols_home,z_gols_home_adj,z_gols_away,z_gols_away_adj,z_xg_home,z_xg_home_adj,z_xg_away,z_xg_away_adj,z_vit_home,z_vit_home_adj,z_vit_away,z_vit_away_adj,prob_mercado_casa,prob_mercado_fora,gols_home_adj,gols_away_adj,custo_gol_casa,custo_gol_fora,valor_gol_casa,valor_gol_fora,luck_home,luck_away,delta_bc,delta_bf,IL_casa,IL_fora,classificacao_IL
8266579,Australia_1 A-League,16036,1775118900,689390,605,Macarthur,Newcastle Jets FC,incomplete,2.93,4.12,2.21,0.0,0.0,1.49,1.5,1.18,2.27,2026-04-02 05:35,-62.45125646371093,0.0419999999999998,-0.01,-0.6000000000000001,-1.09,-0.8000000000000003,1.2000000000000002,10,10,1485.2296790420633,1597.6809355057742,1.824,1.782,0.2,0.8,1.4,2.2,0.7,0.8,0.2718687276710201,0.4562313535174769,0.527751748696979,0.4859973565356241,0.689211095439296,0.1834274068756176,-0.2034246279239109,0.008271291273624,-1.0,-1.0,-1.0,-1.0,-0.203424627923911,2.93,0.0,0.008271291273624,2.21,0.0,,,,,,,1517.29,1.0114,10,1503.89,1.0024,10,-0.1991,-0.1969,1.6138,1.6099,0.7354,0.7271,1.4226,1.4192,-1.2223,-1.2085,1.8803,1.8758,0.3413,0.4525,1.57,2.033,4.5989,4.4925,0.7102,0.6938,-0.424,0.418,-0.0694,0.0037,0.6673,0.3007,NEUTRO
8266583,Australia_1 A-League,16036,1775205300,601,1281177,Adelaide United,Auckland,incomplete,3.62,4.02,1.96,0.0,0.0,1.63,1.45,1.82,1.91,2026-04-03 05:35,39.16105386653612,0.1089999999999999,0.1799999999999999,0.0999999999999999,-0.0899999999999998,0.2000000000000001,0.1,10,10,1541.004452342179,1551.843398475643,1.8240000000000005,1.7150000000000003,0.5,0.4,2.1,1.9,0.6,0.8,0.4026672227743076,0.3115804714122911,0.5395543949232185,0.5285676523672892,0.7097884525784169,0.1854997504546194,0.4576553464429937,-0.3893022760319095,-1.0,-1.0,-1.0,-1.0,0.4576553464429935,3.62,0.0,-0.3893022760319095,1.96,0.0,,,,,,,1493.58,0.9956,10,1494.62,0.9963,10,0.844,0.8477,1.0957,1.0998,0.7354,0.7387,1.2159,1.2204,-0.0008,-0.0008,0.0387,0.0388,0.2762,0.5102,1.99,1.826,7.2024,3.579,1.0151,0.5044,0.276,0.185,0.1264,-0.1986,0.6849,0.249,VALOR_REAL_CASA
8269962,Australia_1 A-League,16036,1775124000,604,606,Brisbane Roar,Sydney FC,incomplete,3.54,3.6,2.1,0.0,1.75,1.57,1.51,1.09,1.45,2026-04-02 07:00,-10.958897506832727,-0.0929999999999999,0.06,-0.1999999999999999,-0.3599999999999999,0.0,0.5,10,10,1428.876432194373,1489.8353297012054,1.591,1.684,0.1,0.3,1.1,1.1,0.6,0.5,0.3244571403640761,0.404973576476868,0.5423267396544001,0.5308340519745967,0.7130477223329298,0.1941951633889426,0.1485782768888293,-0.1495554893985771,-1.0,-0.0710404090444558,0.2478335140826271,-1.0,0.1485782768888293,3.54,0.0,-0.1495554893985772,2.1,0.0,-0.0710404090444558,1.75,0.0,,,,1481.59,0.9876,10,1505.99,1.0038,10,-0.6461,-0.6542,-0.286,-0.2849,0.0883,0.0894,1.1203,1.1161,-1.6295,-1.65,-0.4217,-0.4201,0.2825,0.4762,1.296,1.334,4.5893,2.8006,0.6173,0.3767,-0.491,-0.584,0.042,-0.0712,0.607,0.3475,NEUTRO
8501089,Belgica_1 Pro League,14937,1775241900,1048,533,Royal Antwerp FC,KRC Genk,incomplete,3.0,3.6,2.3,0.0,0.0,1.26,1.76,1.17,1.4,2026-04-03 15:45,-9.352584027705234,-0.4379999999999999,-0.5,-0.3,-0.2299999999999999,-1.2,-0.5,10,10,1459.514079322794,1518.8666633504993,1.109,1.547,0.2,0.5,0.7,1.9,0.2,0.7,0.2655777647879299,0.4516215099625603,0.547489875717165,0.477873111553641,0.6832143684806182,0.2009059547793184,-0.2032667056362103,0.0387294729138885,-1.0,-1.0,-1.0,-1.0,-0.2032667056362103,3.0,0.0,0.0387294729138885,2.3,0.0,,,,,,,1502.15,1.0013,10,1517.9,1.0118,10,-1.2421,-1.2405,1.0957,1.0829,-1.2502,-1.2486,0.6977,0.6896,-1.2223,-1.2207,0.4991,0.4933,0.3333,0.4348,0.864,1.759,2.5908,4.0452,0.3755,0.5863,-0.409,0.353,-0.0678,0.0168,0.2871,0.3958,NEUTRO
8255847,Bulgaria_1 First League,15056,1775234700,3606,3629,Lokomotiv Plovdiv,Lokomotiv Sofia 1929,incomplete,2.15,3.1,3.25,0.0,0.0,1.32,1.29,1.79,1.23,2026-04-03 13:45,85.45019748228879,-0.0780000000000002,0.03,-0.1,0.56,-1.1,-0.5,10,10,1526.4885163569916,1491.0383188747028,1.3459999999999996,1.424,0.3,0.4,0.9,2.0,0.3,0.8,0.4323160136520064,0.2855449216316955,0.5381096859910742,0.5063757389629526,0.6932323267571315,0.2085091545064193,-0.0705205706481861,-0.0719790046969897,-1.0,-1.0,-1.0,-1.0,-0.0705205706481862,2.15,0.0,-0.0719790046969897,3.25,0.0,,,,,,,1523.72,1.016,10,1516.29,1.011,10,-0.9441,-0.9292,1.2684,1.2546,-0.5921,-0.5828,0.3183,0.3148,-0.8151,-0.8023,0.0387,0.0383,0.4651,0.3077,1.078,1.77,2.3186,5.7512,0.3318,0.8231,-0.446,0.576,-0.0328,-0.0221,0.4733,0.3321,NEUTRO
7963502,Croacia_1 HNL,15053,1775232900,1881,1875,Varaždin,Gorica,incomplete,2.1,3.1,3.05,1.85,2.06,1.54,1.46,1.69,1.0,2026-04-03 13:15,77.59684984862838,0.1359999999999999,0.08,0.1,0.69,0.1,0.4000000000000001,10,10,1496.8819269887003,1469.285077140072,1.46,1.324,0.4,0.3,1.3,1.2,0.6,0.5,0.4312044999253469,0.2869181426505006,0.5354852901663417,0.4978338632661936,0.6933658862091496,0.195636637101045,-0.0944705501567715,-0.1248996649159732,-0.0093522131922677,0.0255377583283589,0.4283337255908483,-0.6380722213630667,-0.0944705501567715,2.1,0.0,-0.1248996649159732,3.05,0.0,0.0255377583283589,2.06,0.0,-0.0093522131922677,1.85,0.0,1493.98,0.9959,10,1508.37,1.0055,10,-0.3481,-0.3495,-0.1133,-0.1127,-0.2755,-0.2766,0.0099,0.0098,-0.408,-0.4097,-0.4217,-0.4194,0.4762,0.3279,1.364,1.25,2.8644,3.8113,0.4472,0.595,-0.16,-0.124,-0.045,-0.041,0.5272,0.5241,NEUTRO
8200637,Espanha_1 La Liga,14956,1775242800,291,295,Rayo Vallecano,Elche CF,incomplete,0.0,0.0,0.0,0.0,0.0,1.72,1.01,1.43,0.29,2026-04-03 16:00,91.36582282443852,0.1729999999999998,0.71,0.1,1.14,-0.1,-0.9000000000000001,10,10,1468.660862899167,1427.2950400747284,1.461,1.288,0.2,0.1,1.2,1.3,0.5,0.9,0.5296284675452231,0.2411687545758228,0.5426017288749558,0.5868590069606762,0.7370944235416304,0.224999009309996,-1.0,-1.0,-1.0,-1.0,-1.0,-1.0,,,,,,,,,,,,,1521.22,1.0142,10,1518.85,1.0127,10,-0.4971,-0.4901,0.0594,0.0587,-0.2727,-0.2689,-0.1012,-0.0999,-1.2223,-1.2052,-1.3425,-1.3257,,,1.304,1.295,,,,,-0.261,0.012,,,,,NEUTRO
8234909,Espanha_2 Segunda Division,15066,1774728000,316,6257,Albacete Balompié,CD Castellón,incomplete,2.55,3.4,2.25,1.55,1.71,1.51,1.59,1.4,1.25,2026-03-28 17:00,38.237384423193134,-0.252,-0.08,0.0999999999999999,0.1499999999999999,-0.3,-0.7000000000000001,10,10,1527.9000963916212,1539.662711968428,1.3969999999999998,1.6489999999999998,0.5,0.4,1.3,1.6,0.3,0.4,0.3596230123354945,0.3549965323711298,0.5510583757565652,0.5331022367222618,0.7108174869305336,0.1980266052941458,-0.0829613185444891,-0.2012578021649579,-0.1458595175773238,-0.0883951752049324,0.2154979026512125,-0.693058761794074,-0.0829613185444891,2.55,0.0,-0.2012578021649579,2.25,0.0,-0.0883951752049324,1.71,0.0,-0.1458595175773238,1.55,0.0,1533.33,1.0224,10,1484.21,0.9896,10,-0.3481,-0.3405,0.5775,0.5836,-0.4504,-0.4405,1.0123,1.0229,-0.0008,-0.0008,0.0387,0.0391,0.3922,0.4444,1.339,1.62,3.4139,3.6441,0.595,0.6351,-0.097,-0.049,-0.0325,-0.0894,0.7187,0.3508,NEUTRO
8234910,Espanha_2 Segunda Division,15066,1775066400,4546,10870,Burgos CF,Ceuta,incomplete,2.01,3.44,3.95,0.0,0.0,1.28,1.09,1.81,0.81,2026-04-01 15:00,104.58191062800712,-0.2520000000000002,0.1899999999999999,0.0999999999999999,1.0,-0.2999999999999998,-1.7999999999999998,10,10,1548.2033790024648,1493.6214683744577,1.1729999999999996,1.4249999999999998,0.5,0.4,1.1,1.4,0.3,0.8,0.4796317915326022,0.2676347950562042,0.5574252909805314,0.5748094981173868,0.733082809465908,0.2355412203660899,-0.0359400990194695,0.0571574404720065,-1.0,-1.0,-1.0,-1.0,-0.0359400990194697,2.01,0.0,0.0571574404720065,3.95,0.0,,,,,,,1488.84,0.9927,10,1495.79,0.9974,10,-0.6461,-0.6509,0.2321,0.2327,-1.0725,-1.0804,0.3214,0.3222,-0.0008,-0.0008,0.0387,0.0388,0.4975,0.2532,1.129,1.41,2.2697,5.5695,0.2859,0.7015,-0.073,-0.025,-0.0179,0.0145,0.4617,0.5746,NEUTRO
8235083,Espanha_2 Segunda Division,15066,1775152800,6257,296,CD Castellón,Almería,incomplete,1.73,4.32,4.32,0.0,0.0,1.76,1.49,2.0,1.44,2026-04-02 15:00,25.274863591870144,0.1399999999999999,0.27,-0.1999999999999999,0.56,-0.2999999999999998,0.0,10,10,1539.662711968428,1564.387848376558,1.6489999999999998,1.509,0.4,0.6,1.6,1.9,0.4,0.7,0.3993101238790206,0.3356135567611772,0.5354715922690991,0.5175392735163116,0.706146987990801,0.2113712896729413,-0.3091934856892944,0.4498505652082856,-1.0,-1.0,-1.0,-1.0,-0.3091934856892944,1.73,0.0,0.4498505652082856,4.32,0.0,,,,,,,1484.21,0.9896,10,1464.72,0.9766,10,0.0989,0.0999,1.0957,1.122,0.2494,0.252,0.5805,0.5944,-0.408,-0.4123,0.9595,0.9825,0.578,0.2315,1.62,1.744,2.8019,7.5324,0.3749,1.0079,-0.049,0.391,-0.1787,0.1041,0.4356,0.41,NEUTRO
8235086,Espanha_2 Segunda Division,15066,1774810800,296,4556,Almería,Real Sociedad II,incomplete,1.56,4.69,5.4,1.67,1.6,1.86,1.36,2.13,0.93,2026-03-29 16:00,110.15338441930794,-0.0599999999999998,0.5,0.0999999999999999,1.1999999999999995,0.2999999999999998,0.0,10,10,1564.387848376558,1504.23446395725,1.509,1.5689999999999995,0.6,0.5,1.9,1.6,0.7,0.4,0.5063100938662856,0.2623593336832224,0.547609373202111,0.5897929549244573,0.7383476100369091,0.2272984576848903,-0.2101562535685944,0.416740401889401,-0.0854923467524746,-0.0563312721208683,0.1813561760590545,-0.6204115756662331,-0.2101562535685944,1.56,0.0,0.416740401889401,5.4,0.0,-0.0563312721208683,1.6,0.0,-0.0854923467524746,1.67,0.0,1464.72,0.9766,10,1518.81,1.0127,10,0.546,0.5591,0.5775,0.5703,-0.1394,-0.1427,0.7656,0.756,0.4064,0.4161,0.4991,0.4928,0.641,0.1852,1.744,1.588,2.72,8.573,0.3229,1.0177,0.391,0.031,-0.1347,0.0772,0.3051,0.778,FALSO_FAVORITO_CASA
8235093,Espanha_2 Segunda Division,15066,1774710900,297,4546,Real Valladolid,Burgos CF,incomplete,2.15,3.0,3.25,2.1,2.45,1.73,1.02,1.27,1.4,2026-03-28 12:15,-49.703736414564446,0.1780000000000003,0.71,-0.2,-0.1299999999999999,0.3999999999999999,1.6,10,10,1448.4996425879003,1548.2033790024648,1.351,1.1729999999999996,0.3,0.5,1.5,1.1,0.8,0.3,0.3405695409050958,0.4267822630313843,0.534088553281784,0.582433834026557,0.736344516366493,0.1911582903893702,-0.2677754870540439,0.387042354851999,0.1215859618917463,0.4269628933650649,0.8040440650979079,-0.5985675901823224,-0.2677754870540441,2.15,0.0,0.387042354851999,3.25,0.0,0.4269628933650649,2.45,0.0,0.1215859618917463,2.1,0.0,1487.06,0.9915,10,1488.84,0.9927,10,-0.0501,-0.0505,-0.286,-0.2881,-0.5782,-0.5832,-0.4559,-0.4593,-0.8151,-0.8221,0.4991,0.5028,0.4651,0.3077,1.44,1.129,3.0969,3.6699,0.4432,0.5252,0.149,-0.073,-0.1245,0.1191,0.4781,0.559,POTENCIAL_FORA
8235094,Espanha_2 Segunda Division,15066,1775158200,278,299,Leganés,Real Zaragoza,incomplete,2.01,3.54,3.83,0.0,0.0,1.48,1.28,1.27,1.0,2026-04-02 16:30,71.90689880625905,0.2270000000000001,0.1999999999999999,0.0999999999999999,0.27,0.6000000000000001,0.4,10,10,1468.361245348529,1446.4543465422703,1.393,1.166,0.3,0.2,1.3,0.7,0.4,0.2,0.4503699704177235,0.2719692822729285,0.5366378214993017,0.5180649262110392,0.7069641040417476,0.1925870358240083,-0.0947563594603757,0.0416423511053163,-1.0,-1.0,-1.0,-1.0,-0.0947563594603758,2.01,0.0,0.0416423511053161,3.83,0.0,,,,,,,1495.48,0.9972,10,1508.27,1.0057,10,-0.3481,-0.3491,-0.9769,-0.9714,-0.4615,-0.4628,-0.4775,-0.4748,-0.8151,-0.8174,-0.8821,-0.8771,0.4975,0.2611,1.337,0.886,2.6878,3.3949,0.3491,0.441,-0.093,-0.466,-0.0471,0.0109,0.5364,0.3368,NEUTRO
8235095,Espanha_2 Segunda Division,15066,1775152800,4556,279,Real Sociedad II,SD Eibar,incomplete,2.81,3.35,2.58,0.0,0.0,1.29,1.0,1.63,0.73,2026-04-02 15:00,9.061722470619998,0.3689999999999998,0.29,-0.0999999999999999,0.8999999999999999,0.6000000000000001,0.9,10,10,1504.23446395725,1545.17274148663,1.5689999999999995,1.2,0.5,0.6,1.6,1.0,0.4,0.2,0.3852605617979879,0.3519961660028133,0.5299076057725202,0.4926482804923185,0.6979250213622877,0.2037383885916599,0.0825821786523459,-0.0918498917127415,-1.0,-1.0,-1.0,-1.0,0.0825821786523459,2.81,0.0,-0.0918498917127416,2.58,0.0,,,,,,,1518.81,1.0127,10,1505.47,1.0038,10,0.0989,0.0977,-0.4587,-0.457,0.0272,0.0269,-0.3726,-0.3712,-0.0008,-0.0008,0.9595,0.9559,0.3559,0.3876,1.588,1.08,4.4612,2.7864,0.6153,0.3843,0.031,-0.2,0.0294,-0.0356,0.9114,0.4208,VALOR_REAL_CASA
8235096,Espanha_2 Segunda Division,15066,1774985400,297,310,Real Valladolid,Cádiz,incomplete,1.75,3.95,4.63,0.0,0.0,1.73,0.96,1.27,1.2,2026-03-31 16:30,64.91178518157972,0.1029999999999999,0.77,0.1999999999999999,0.07,0.9,0.6000000000000001,10,10,1448.4996425879003,1433.5878574063206,1.351,1.248,0.3,0.1,1.5,0.6,0.8,0.4,0.4873807598418282,0.2746579618019338,0.5453028893350004,0.6252628447516324,0.7551843575451163,0.1961153929528409,-0.1470836702768005,0.2716663631429534,-1.0,-1.0,-1.0,-1.0,-0.1470836702768005,1.75,0.0,0.2716663631429534,4.63,0.0,,,,,,,1487.06,0.9915,10,1483.42,0.9891,10,-0.0501,-0.0505,-1.1496,-1.1623,-0.5782,-0.5832,-0.2246,-0.2271,-0.8151,-0.8221,-1.3425,-1.3573,0.5714,0.216,1.44,0.859,2.5207,3.9781,0.3111,0.491,0.149,-0.648,-0.084,0.0587,0.4981,0.2445,NEUTRO
8235144,Espanha_2 Segunda Division,15066,1774702800,10870,310,Ceuta,Cádiz,incomplete,2.2,3.1,3.05,1.8,1.97,1.49,0.96,2.07,1.2,2026-03-28 10:00,110.03361096813704,0.1769999999999998,0.53,0.3,0.8699999999999999,0.7999999999999999,0.7999999999999998,10,10,1493.6214683744577,1433.5878574063206,1.4249999999999998,1.248,0.4,0.1,1.4,0.6,0.8,0.4,0.5119975983803372,0.2431466780248858,0.5395087522152746,0.5704080722272992,0.7277183171468353,0.1981589168293408,0.126394716436742,-0.2584026320240981,-0.0288842460125057,0.1237039022877792,0.4336050847792656,-0.6433139497071865,0.126394716436742,2.2,0.0,-0.2584026320240984,3.05,0.0,0.1237039022877792,1.97,0.0,-0.0288842460125057,1.8,0.0,1495.79,0.9974,10,1483.42,0.9891,10,-0.1991,-0.1996,-1.1496,-1.1623,-0.3727,-0.3737,-0.2246,-0.2271,-0.408,-0.4091,-1.3425,-1.3573,0.4545,0.3279,1.41,0.859,3.102,2.6206,0.4623,0.3905,-0.025,-0.648,0.0575,-0.0847,0.7199,0.0791,VALOR_REAL_CASA
8235162,Espanha_2 Segunda Division,15066,1774719000,283,278,Málaga CF,Leganés,incomplete,1.9,3.25,3.75,1.85,2.12,1.76,1.17,2.19,1.13,2026-03-28 14:30,164.38515585828804,0.3049999999999999,0.5900000000000001,0.3999999999999999,1.06,0.8,-0.1999999999999999,10,10,1582.7464012068174,1468.361245348529,1.698,1.393,0.7,0.3,2.1,1.3,0.7,0.4,0.605764025176928,0.1719416048223893,0.5401795596737722,0.5710767843473296,0.7292549631269599,0.2062480756301194,0.150951647836163,-0.3552189819160399,-0.0006678146035213,0.2106827828163386,0.5460205218291552,-0.618441060084279,0.150951647836163,1.9,0.0,-0.3552189819160402,3.75,0.0,0.2106827828163386,2.12,0.0,-0.0006678146035213,1.85,0.0,1459.16,0.9729,10,1495.48,0.9972,10,0.844,0.8675,0.0594,0.0596,0.3854,0.3961,0.2227,0.2233,0.8135,0.8362,-0.4217,-0.4229,0.5263,0.2667,1.939,1.337,3.6845,5.0145,0.5171,0.7038,0.402,-0.093,0.0794,-0.0947,0.509,0.4852,NEUTRO
8235168,Espanha_2 Segunda Division,15066,1775066400,301,1023,SD Huesca,Cultural y Deportiva Leonesa,incomplete,2.32,3.38,3.19,0.0,0.0,1.42,1.22,1.44,1.13,2026-04-01 15:00,58.412987871223095,-0.0850000000000001,0.1999999999999999,0.2,0.31,0.3,-0.5,10,10,1409.092955558523,1400.6799676873,1.323,1.408,0.2,0.0,1.0,0.7,0.4,0.6,0.4197430982289575,0.3083684205033443,0.5500836731024885,0.5610699726523085,0.7260392882183252,0.2000735797972482,-0.0261960121088186,-0.0163047385943315,-1.0,-1.0,-1.0,-1.0,-0.0261960121088186,2.32,0.0,-0.0163047385943317,3.19,0.0,,,,,,,1502.51,1.0018,10,1536.29,1.0244,10,-0.7951,-0.7937,-0.9769,-0.9536,-0.6559,-0.6547,0.269,0.2626,-1.2223,-1.2201,-1.8029,-1.76,0.431,0.3135,1.129,0.983,2.6197,3.1364,0.354,0.4238,-0.323,-0.708,-0.0113,-0.0051,0.4752,0.3314,NEUTRO
8235174,Espanha_2 Segunda Division,15066,1774980000,286,294,Deportivo La Coruña,Córdoba,incomplete,1.85,3.93,4.04,1.57,1.64,1.45,1.55,1.67,1.25,2026-03-31 15:00,159.68293409566695,-0.5150000000000001,-0.1,0.3999999999999999,0.4199999999999999,-0.3,-1.2999999999999998,10,10,1578.4837322515186,1468.8007981558517,1.441,1.956,0.7,0.3,1.3,1.6,0.5,0.9,0.4878303151554746,0.2369031201662749,0.5623685061698253,0.5786918925701131,0.7273953916190542,0.2067060182691692,-0.097513916962372,-0.0429113945282493,-0.1170814453133742,-0.0509452961850145,0.1929284422552488,-0.6754715513174043,-0.097513916962372,1.85,0.0,-0.0429113945282493,4.04,0.0,-0.0509452961850145,1.64,0.0,-0.1170814453133742,1.57,0.0,1504.79,1.0034,10,1499.21,0.9996,10,-0.3481,-0.3469,0.5775,0.5777,-0.3282,-0.3271,1.9593,1.9601,0.8135,0.8107,-0.4217,-0.4219,0.5405,0.2475,1.356,1.742,2.5093,7.0393,0.3357,0.9418,-0.141,-0.356,-0.0527,-0.0106,0.5519,0.4718,NEUTRO
8235177,Espanha_2 Segunda Division,15066,1774785600,279,276,SD Eibar,UD Las Palmas,incomplete,2.32,2.94,3.05,2.1,2.6,1.74,1.22,2.13,1.47,2026-03-29 09:00,38.9155733376283,-0.359,0.52,0.3,0.6599999999999999,-0.3999999999999999,-0.7000000000000001,10,10,1545.17274148663,1556.2571681490017,1.2,1.559,0.6,0.3,1.0,1.4,0.2,0.5,0.3979911968718767,0.3584721573387354,0.5575175074753728,0.6269406315534077,0.7496179358816714,0.2055496118712845,-0.076660423257246,0.0933400798831429,0.1707867656982828,0.6300456420388603,0.9490066332923456,-0.5683458150703025,-0.0766604232572462,2.32,0.0,0.0933400798831429,3.05,0.0,0.6300456420388603,2.6,0.0,0.1707867656982828,2.1,0.0,1505.47,1.0038,10,1499.89,1.0001,10,-0.7951,-0.7921,0.2321,0.2321,-0.9975,-0.9937,0.7347,0.7346,0.4064,0.4049,-0.4217,-0.4217,0.431,0.3279,1.08,1.464,2.5056,4.464,0.3541,0.6309,-0.2,-0.159,-0.033,0.0306,0.4794,0.5388,NEUTRO
8235179,Espanha_2 Segunda Division,15066,1774793700,1023,672363,Cultural y Deportiva Leonesa,FC Andorra,incomplete,2.45,3.2,2.75,0.0,1.95,1.37,1.47,0.67,1.19,2026-03-29 11:15,-29.1825832388156,-0.1989999999999998,-0.0999999999999998,-0.4,-0.5199999999999999,-0.7,0.7,10,10,1400.6799676873,1479.8625509261155,1.408,1.607,0.0,0.4,0.7,1.4,0.6,0.5,0.2835717957269551,0.4486739930352408,0.5388923148458559,0.5071970686869308,0.698696787906511,0.1941423325071856,-0.3052491004689599,0.2338534808469121,-1.0,-0.0109657160604849,0.3624587364176965,-1.0,-0.3052491004689599,2.45,0.0,0.2338534808469121,2.75,0.0,-0.0109657160604849,1.95,0.0,,,,1536.29,1.0244,10,1501.73,1.0013,10,-1.2421,-1.2125,0.2321,0.2318,-0.4199,-0.4099,0.8828,0.8817,-2.0366,-1.9881,0.0387,0.0386,0.4082,0.3636,0.983,1.483,2.4088,4.0777,0.3575,0.6052,-0.708,-0.207,-0.1246,0.085,0.2598,0.5591,POTENCIAL_FORA
8235216,Espanha_2 Segunda Division,15066,1774710900,282,301,Granada CF,SD Huesca,incomplete,1.79,3.4,4.7,2.1,2.3,1.54,1.02,1.25,0.53,2026-03-28 12:15,158.28160116638264,0.0140000000000002,0.52,0.3,0.72,0.3999999999999999,-0.8,10,10,1517.3745567249057,1409.092955558523,1.3370000000000002,1.323,0.5,0.2,1.4,1.0,0.3,0.4,0.5840823874514265,0.1890877360017956,0.5498573454218777,0.6014854829788148,0.743067741273414,0.2158039499416288,0.0455074735380534,-0.1112876407915604,0.1547004253859432,0.3834166108512737,0.709055804928852,-0.5468117051225794,0.0455074735380534,1.79,0.0,-0.1112876407915606,4.7,0.0,0.3834166108512737,2.3,0.0,0.1547004253859432,2.1,0.0,1517.08,1.0116,10,1502.51,1.0018,10,-0.1991,-0.1968,-0.4587,-0.4579,-0.6171,-0.61,0.0068,0.0068,-0.0008,-0.0008,-0.8821,-0.8805,0.5587,0.2128,1.375,1.129,2.4609,5.3072,0.2925,0.6308,0.063,-0.323,0.0254,-0.0237,0.7156,0.4463,VALOR_REAL_CASA
8235217,Espanha_2 Segunda Division,15066,1774801800,299,319,Real Zaragoza,Racing Santander,incomplete,2.83,3.42,2.53,1.65,1.81,1.26,1.28,0.93,1.8,2026-03-29 13:30,-84.62795820318183,-0.2770000000000001,-0.02,-0.4999999999999999,-0.87,-1.0,-0.4,10,10,1446.4543465422703,1581.082304745452,1.166,1.443,0.2,0.7,0.7,1.7,0.2,0.6,0.2468778571201768,0.5063529800578266,0.5457792535995649,0.5323261098762371,0.7140637492446994,0.2006919662352525,-0.3013356643498994,0.2810730395463012,-0.0994642315607179,-0.0364897411240108,0.292455386132906,-0.6688582557118334,-0.3013356643498996,2.83,0.0,0.2810730395463012,2.53,0.0,-0.0364897411240108,1.81,0.0,-0.0994642315607179,1.65,0.0,1508.27,1.0057,10,1500.76,1.0007,10,-1.2421,-1.2351,0.7503,0.7498,-1.0919,-1.0857,0.3769,0.3766,-1.2223,-1.2154,1.4199,1.4189,0.3534,0.3953,0.886,1.597,2.5085,4.0409,0.3504,0.5644,-0.466,0.257,-0.1065,0.1111,0.2476,0.4703,NEUTRO
8235218,Espanha_2 Segunda Division,15066,1775062800,672363,283,FC Andorra,Málaga CF,incomplete,2.51,3.58,2.75,0.0,0.0,1.66,1.35,1.33,1.27,2026-04-01 14:00,-52.88385028070184,-0.0909999999999999,0.3099999999999998,-0.2999999999999999,0.06,-0.7000000000000002,0.1999999999999999,10,10,1479.8625509261155,1582.7464012068174,1.607,1.698,0.4,0.7,1.4,2.1,0.5,0.7,0.2982043375531523,0.4597920643374194,0.5402985902913638,0.5468973595835152,0.7180183333373292,0.2036507712027759,-0.2515071127415877,0.2644281769279033,-1.0,-1.0,-1.0,-1.0,-0.2515071127415877,2.51,0.0,0.2644281769279033,2.75,0.0,,,,,,,1501.73,1.0013,10,1459.16,0.9729,10,-0.1991,-0.1988,1.4411,1.4812,0.1327,0.1325,1.1635,1.1959,-0.408,-0.4075,1.4199,1.4595,0.3984,0.3636,1.483,1.939,3.7218,5.3328,0.5392,0.7726,-0.207,0.402,-0.1002,0.0962,0.5586,0.2743,NEUTRO
8235219,Espanha_2 Segunda Division,15066,1775149200,276,282,UD Las Palmas,Granada CF,incomplete,2.02,3.46,3.89,0.0,0.0,1.47,1.17,1.81,1.27,2026-04-02 14:00,88.88261142409601,0.2219999999999997,0.3,-0.2,0.54,0.0,0.4000000000000001,10,10,1556.2571681490017,1517.3745567249057,1.559,1.3370000000000002,0.3,0.5,1.4,1.4,0.5,0.3,0.4849887825778905,0.2559971146104706,0.5323237942449016,0.5192407802907899,0.7069387637397055,0.2141382210757688,-0.0203226591926611,-0.0041712241652691,-1.0,-1.0,-1.0,-1.0,-0.0203226591926611,2.02,0.0,-0.0041712241652693,3.89,0.0,,,,,,,1499.89,1.0001,10,1517.08,1.0116,10,-0.1991,-0.1991,0.2321,0.2294,-0.0006,-0.0006,0.05,0.0494,-0.8151,-0.815,0.4991,0.4934,0.495,0.2571,1.464,1.375,2.9565,5.348,0.3762,0.6806,-0.159,0.063,-0.0101,-0.0011,0.624,0.6258,NEUTRO
8235318,Espanha_2 Segunda Division,15066,1775071800,319,289,Racing Santander,Sporting Gijón,incomplete,1.81,4.0,4.17,0.0,0.0,1.81,1.13,2.0,1.07,2026-04-01 16:30,136.84460561844435,0.169,0.6800000000000002,0.2999999999999999,0.93,0.0999999999999998,0.3,10,10,1581.082304745452,1494.2376991270078,1.443,1.274,0.7,0.4,1.7,1.6,0.6,0.5,0.5606118645276194,0.2080125669045295,0.5378415737686637,0.5856763550554628,0.7301829255964665,0.2012733433731221,0.0147074747949911,-0.1325875960081121,-1.0,-1.0,-1.0,-1.0,0.0147074747949911,1.81,0.0,-0.1325875960081121,4.17,0.0,,,,,,,1500.76,1.0007,10,1495.82,0.9974,10,0.248,0.2478,0.5775,0.579,-0.3227,-0.3225,-0.1444,-0.1448,0.8135,0.8129,0.0387,0.0388,0.5525,0.2398,1.597,1.47,2.8909,6.1282,0.383,0.8119,0.257,0.326,0.0081,-0.0318,0.6128,0.4184,NEUTRO
8235321,Espanha_2 Segunda Division,15066,1774976400,300,316,Mirandés,Albacete Balompié,incomplete,2.63,3.45,2.7,1.64,1.88,1.49,1.43,0.94,1.31,2026-03-31 14:00,-66.60403236654497,0.1219999999999998,0.06,-0.2,-0.3700000000000001,-0.4,0.9,10,10,1411.2960640250762,1527.9000963916212,1.5189999999999997,1.3969999999999998,0.3,0.5,0.9,1.3,0.5,0.3,0.2680153495679902,0.462744373045147,0.53053735946459,0.4853222597872706,0.6876640670161533,0.1756560172661791,-0.2951196306361857,0.2494098072218968,-0.1299187304780724,-0.0875941515999313,0.2928084459903681,-0.7119241316834661,-0.2951196306361857,2.63,0.0,0.2494098072218968,2.7,0.0,-0.0875941515999313,1.88,0.0,-0.1299187304780724,1.64,0.0,1492.88,0.9954,10,1533.33,1.0224,10,-0.9441,-0.9485,0.0594,0.0581,-0.1116,-0.1121,0.235,0.2299,-0.8151,-0.8189,0.4991,0.4882,0.3802,0.3704,1.148,1.339,3.0182,3.6148,0.425,0.509,-0.619,-0.097,-0.1122,0.0924,0.2377,0.6923,VALOR_REAL_FORA
8235346,Espanha_2 Segunda Division,15066,1774728000,289,286,Sporting Gijón,Deportivo La Coruña,incomplete,2.38,3.38,2.77,1.8,2.04,1.59,1.38,1.81,1.88,2026-03-28 17:00,-34.24603312451086,-0.167,0.2100000000000002,-0.2999999999999999,-0.0699999999999998,0.3,-0.1,10,10,1494.2376991270078,1578.4837322515186,1.274,1.441,0.4,0.7,1.6,1.3,0.5,0.5,0.3201582752617516,0.4383819374979787,0.5508942071440548,0.5668864143386344,0.7359513537025009,0.2180794287317247,-0.2380233048770311,0.2143179668694013,-0.0083904271407013,0.1564482852508142,0.5013407615531018,-0.6074570282828955,-0.2380233048770311,2.38,0.0,0.214317966869401,2.77,0.0,0.1564482852508142,2.04,0.0,-0.0083904271407013,1.8,0.0,1495.82,0.9974,10,1504.79,1.0034,10,0.0989,0.0992,0.0594,0.0592,-0.792,-0.7941,0.3708,0.3695,-0.408,-0.4091,1.4199,1.4151,0.4202,0.361,1.47,1.356,3.4976,3.7572,0.5305,0.5699,0.326,-0.141,-0.1,0.0774,0.5159,0.6004,NEUTRO
8206543,Franca_1 Ligue 1,14932,1775241900,68,439,PSG,Toulouse,incomplete,1.34,5.63,10.9,0.0,1.55,2.32,1.31,2.58,1.31,2026-04-03 15:45,198.6270181108282,0.3930000000000002,1.0099999999999998,0.4,1.27,0.8999999999999999,-0.1999999999999999,10,10,1639.7448147402126,1491.1177966293844,2.092,1.6989999999999998,0.8,0.4,2.3,1.4,0.8,0.3,0.6889370655689294,0.1355369023539074,0.539773917178137,0.6217389012727663,0.7521048042707249,0.2186451692602782,-0.0768243321376345,0.477352235657591,-1.0,-0.0363047030272122,0.1657624466196237,-1.0,-0.0768243321376345,1.34,0.0,0.4773522356575905,10.9,0.0,-0.0363047030272122,1.55,0.0,,,,1477.43,0.985,10,1479.82,0.9865,10,1.142,1.1594,0.2321,0.2353,1.4796,1.5021,1.1666,1.1826,1.2207,1.2393,0.0387,0.0392,0.7463,0.0917,2.217,1.52,2.9705,16.5636,0.2034,1.134,0.208,-0.299,-0.0573,0.0438,0.3314,0.6797,FALSO_FAVORITO_CASA
8206927,Franca_2 Ligue 2,14954,1775239200,1398,490,Grenoble Foot 38,Clermont,incomplete,2.47,3.18,2.84,0.0,2.05,1.27,1.0,1.43,0.86,2026-04-03 15:00,88.6397855188743,-0.1149999999999997,0.27,-0.1,0.57,-0.3,-0.3999999999999999,10,10,1455.3703948638113,1416.730609344937,1.066,1.1809999999999998,0.1,0.2,0.7,1.0,0.4,0.5,0.4646439380043471,0.2803652340476231,0.545855640539068,0.5618482635942299,0.7252760031192196,0.2225415861072466,0.1476705268707376,-0.2037627353047504,-1.0,0.1517889403681711,0.4868158063943999,-1.0,0.1476705268707374,2.47,0.0,-0.2037627353047504,2.84,0.0,0.1517889403681711,2.05,0.0,,,,1496.63,0.9978,10,1516.82,1.0113,10,-1.2421,-1.2448,-0.4587,-0.4536,-1.3696,-1.3726,-0.4312,-0.4264,-1.6295,-1.6331,-0.8821,-0.8722,0.4049,0.3521,0.846,1.072,2.0906,3.0456,0.298,0.4342,-0.366,-0.181,0.0598,-0.0717,0.4173,0.4469,NEUTRO
8206930,Franca_2 Ligue 2,14954,1775239200,3897,436,Annecy,Guingamp,incomplete,2.71,3.26,2.52,0.0,2.05,1.32,1.32,1.54,1.31,2026-04-03 15:00,57.96479228751991,-0.314,0.0,0.2,0.2299999999999999,0.3,0.3999999999999999,10,10,1508.1895537717664,1500.2247614842463,1.17,1.484,0.5,0.3,1.3,1.0,0.6,0.4,0.3718247604032179,0.3535373273562717,0.5523150399093991,0.5578485537319886,0.7214078892470301,0.1937922464240023,0.0076451006927205,-0.1090859350621953,-1.0,0.1435895351505764,0.4788861729564115,-1.0,0.0076451006927205,2.71,0.0,-0.1090859350621953,2.52,0.0,0.1435895351505764,2.05,0.0,,,,1524.18,1.0162,10,1500.63,1.0005,10,-0.3481,-0.3426,-0.4587,-0.4585,-1.0808,-1.0636,0.5034,0.5031,-0.0008,-0.0008,-0.4217,-0.4215,0.369,0.3968,1.248,1.194,3.3821,3.0079,0.4952,0.4404,0.13,-0.484,0.0028,-0.0433,0.7551,0.3391,NEUTRO
8206932,Franca_2 Ligue 2,14954,1775239200,485,487,Red Star,Laval,incomplete,1.72,3.7,4.65,0.0,2.1,1.36,0.91,1.54,1.0,2026-04-03 15:00,182.22472606271683,-0.0019999999999997,0.45,0.3,0.54,0.1,-0.3999999999999999,10,10,1544.3400805448812,1412.1153544821643,1.165,1.1669999999999998,0.4,0.1,1.1,1.0,0.5,0.4,0.597752587032762,0.1728881797965844,0.5456323325337085,0.5898425427624285,0.7335877531870247,0.2066109953633404,0.0281344496963507,-0.1960699639458822,-1.0,0.2386693398010999,0.5405342816927521,-1.0,0.0281344496963507,1.72,0.0,-0.1960699639458824,4.65,0.0,0.2386693398010999,2.1,0.0,,,,1504.5,1.0031,10,1497.76,0.9986,10,-0.6461,-0.6441,-0.4587,-0.4593,-1.0947,-1.0913,-0.4744,-0.4751,-0.408,-0.4067,-1.3425,-1.3444,0.5814,0.2151,1.126,1.067,1.9367,4.9606,0.2422,0.6202,-0.065,-0.167,0.0164,-0.0422,0.5397,0.4327,NEUTRO
8206949,Franca_2 Ligue 2,14954,1775239200,437,481,Bastia,Amiens SC,incomplete,1.99,3.65,3.44,0.0,2.05,1.41,1.02,0.77,1.0,2026-04-03 15:00,90.7804889166307,0.1229999999999997,0.3899999999999999,0.0,-0.2299999999999999,-0.5000000000000001,-1.3000000000000005,10,10,1418.2457695733865,1377.4652806567556,1.3659999999999997,1.243,0.1,0.1,0.6,1.1,0.1,0.5,0.5098573030933866,0.2243554597808996,0.5416142938524164,0.5612496355624854,0.724370893069489,0.2024308818761991,0.0146160331558393,-0.2282172183537051,-1.0,0.1505617529030949,0.4849603307924524,-1.0,0.0146160331558393,1.99,0.0,-0.2282172183537053,3.44,0.0,0.1505617529030949,2.05,0.0,,,,1520.44,1.0137,10,1520.59,1.0138,10,-1.3911,-1.3723,-0.286,-0.2821,-0.5365,-0.5292,-0.24,-0.2367,-1.6295,-1.6075,-1.3425,-1.3242,0.5025,0.2907,0.906,1.157,1.8037,3.9808,0.2635,0.5815,-0.766,-0.143,0.0073,-0.0663,0.3506,0.5175,NEUTRO
8207006,Franca_2 Ligue 2,14954,1775239200,1390,1399,Dunkerque,Rodez,incomplete,1.9,3.54,3.87,0.0,1.82,1.25,1.14,1.5,1.57,2026-04-03 15:00,-24.921733321580177,-0.125,0.1100000000000001,-0.3999999999999999,-0.07,-0.2999999999999998,0.7,10,10,1500.1045381318709,1575.026271453451,1.086,1.211,0.2,0.6,1.1,1.4,0.4,0.4,0.310713915308082,0.4372920819521125,0.5402930977577831,0.5297233231589028,0.7127981949972098,0.2079580540005554,-0.409643560914644,0.6923203571546754,-1.0,-0.0359035518507968,0.2972927148949218,-1.0,-0.4096435609146441,1.9,0.0,0.6923203571546754,3.87,0.0,-0.0359035518507968,1.82,0.0,,,,1514.16,1.0095,10,1489.32,0.993,10,-0.6461,-0.64,0.2321,0.2337,-1.3141,-1.3017,-0.3387,-0.3411,-1.2223,-1.2108,0.9595,0.9663,0.5263,0.2584,1.094,1.324,2.0794,5.1254,0.2828,0.6971,0.014,0.189,-0.2156,0.1789,0.4248,0.6599,VALOR_REAL_FORA
8502461,Grecia_1 Super League,15163,1775174400,1107,1106,Asteras Tripolis,Larissa,incomplete,0.0,0.0,0.0,0.0,0.0,1.09,1.2,0.65,0.88,2026-04-02 21:00,-19.317484498688827,-0.129,-0.1099999999999998,-0.1999999999999999,-0.2299999999999999,-0.1,0.7,10,10,1371.2455834200466,1440.5630679187354,1.102,1.231,0.1,0.3,0.7,0.8,0.5,0.2,0.2941485861438538,0.4338527196643129,0.5410076826109783,0.5044062666913579,0.6994825307653243,0.1911507281898786,-1.0,-1.0,-1.0,-1.0,-1.0,-1.0,,,,,,,,,,,,,1506.59,1.0043,10,1525.83,1.0171,10,-1.2421,-1.2368,-0.8041,-0.7906,-1.2696,-1.2642,-0.277,-0.2723,-1.6295,-1.6225,-0.4217,-0.4146,,,0.861,0.972,,,,,-0.402,-0.431,,,,,NEUTRO
8502462,Grecia_1 Super League,15163,1775174400,1103,1109,Panaitolikos,Atromitos,incomplete,0.0,0.0,0.0,0.0,0.0,1.01,1.14,1.0,1.12,2026-04-02 21:00,14.193203840726255,-0.1099999999999998,-0.1299999999999999,-0.1,-0.1200000000000001,-0.1999999999999999,0.3,10,10,1438.917800305095,1474.7245964643687,1.2100000000000002,1.32,0.3,0.4,1.0,1.2,0.4,0.5,0.3310373899450264,0.3818236119817584,0.5414285804948279,0.5014434606519144,0.6966129358124755,0.1911421055380191,-1.0,-1.0,-1.0,-1.0,-1.0,-1.0,,,,,,,,,,,,,1488.17,0.992,10,1493.42,0.9955,10,-0.7951,-0.8015,-0.1133,-0.1138,-0.9697,-0.9775,-0.0025,-0.0025,-0.8151,-0.8217,0.0387,0.0389,,,1.084,1.248,,,,,-0.21,-0.12,,,,,NEUTRO
8502489,Grecia_1 Super League,15163,1775174400,5168,5138,Kifisia,Panserraikos,incomplete,0.0,0.0,0.0,0.0,0.0,1.48,0.9,1.04,0.65,2026-04-02 21:00,101.07309629418388,0.3970000000000001,0.58,-0.0999999999999999,0.39,0.0,0.3,10,10,1445.7900815846908,1394.716985290507,1.3450000000000002,0.948,0.2,0.3,0.9,0.9,0.6,0.6,0.5390961183776093,0.2158932587318341,0.528351875409063,0.5409051937147705,0.7153018298023025,0.205839408886226,-1.0,-1.0,-1.0,-1.0,-1.0,-1.0,,,,,,,,,,,,,1517.16,1.0114,10,1492.56,0.995,10,-0.9441,-0.9335,-0.6314,-0.6346,-0.5948,-0.5881,-1.1499,-1.1557,-1.2223,-1.2085,-0.4217,-0.4238,,,1.078,0.919,,,,,-0.445,-0.048,,,,,NEUTRO
7957630,Holanda_2 Eerste Divisie,14987,1774728000,394,397,Eindhoven,Emmen,incomplete,2.34,3.46,2.62,1.5,1.55,1.5,1.4,1.53,0.93,2026-03-28 17:00,73.84780196072506,0.556,0.1,0.2,0.6,0.5999999999999999,-0.3,10,10,1469.2960647996215,1445.4482628388969,1.9450000000000005,1.3890000000000002,0.4,0.2,1.7,1.1,0.8,0.5,0.4699369958548817,0.2378422916784919,0.5284988579089378,0.4576016014321264,0.6794683614944269,0.1872113523521119,0.0996525703004231,-0.3768531958023511,-0.2072517131365933,-0.290717517780204,0.0531759603163617,-0.7191829714718322,0.0996525703004231,2.34,0.0,-0.3768531958023512,2.62,0.0,-0.290717517780204,1.55,0.0,-0.2072517131365933,1.5,0.0,1490.48,0.9938,10,1516.64,1.0112,10,0.248,0.2495,-0.286,-0.2828,1.0714,1.0781,0.2104,0.2081,-0.408,-0.4105,-0.8821,-0.8723,0.4274,0.3817,1.798,1.216,4.2073,3.1849,0.6863,0.5195,-0.245,-0.289,0.0426,-0.1438,0.7111,0.4321,VALOR_REAL_CASA
7957631,Holanda_2 Eerste Divisie,14987,1774719900,381,383,Willem II,De Graafschap,incomplete,2.18,4.01,2.75,1.33,1.36,1.79,1.84,1.67,1.67,2026-03-28 14:45,73.47367842305698,-0.0230000000000001,-0.05,0.1999999999999999,0.0,0.4000000000000001,-0.8,10,10,1564.1577686304724,1540.6840902074157,1.891,1.914,0.6,0.4,2.1,1.7,0.7,0.7,0.4264201862310696,0.2804985953748786,0.5487336402603435,0.5249509306822057,0.7111284616851433,0.1940948168745181,-0.070403994016268,-0.2286288627190837,-0.270184258453743,-0.2860667342722002,-0.0328652921082049,-0.7418538935568909,-0.0704039940162681,2.18,0.0,-0.2286288627190839,2.75,0.0,-0.2860667342722002,1.36,0.0,-0.270184258453743,1.33,0.0,1481.47,0.9878,10,1512.62,1.0086,10,0.844,0.8544,0.7503,0.7439,0.9214,0.9328,1.8297,1.8141,0.4064,0.4114,0.0387,0.0384,0.4587,0.3636,2.016,1.786,4.3958,4.9104,0.7332,0.8191,0.209,-0.214,-0.0323,-0.0831,0.5067,0.4221,NEUTRO
7957633,Holanda_2 Eerste Divisie,14987,1775239200,1043,395,AZ II,Helmond Sport,incomplete,0.0,0.0,0.0,0.0,0.0,1.77,1.28,0.5,0.56,2026-04-03 15:00,61.87332935633708,0.5410000000000004,0.49,0.0999999999999999,-0.06,1.4,0.5,10,10,1432.118601864259,1420.245272507922,1.765,1.2239999999999998,0.3,0.2,2.1,0.7,0.8,0.3,0.4970760940993634,0.2393529743271241,0.532701200376075,0.5356588775414034,0.7212628056781843,0.1891460044334686,-1.0,-1.0,-1.0,-1.0,-1.0,-1.0,,,,,,,,,,,,,1524.83,1.0167,10,1515.01,1.0101,10,0.844,0.8301,-0.9769,-0.9671,0.5715,0.5621,-0.2986,-0.2956,-0.8151,-0.8017,-0.8821,-0.8733,,,1.966,0.91,,,,,0.335,-0.524,,,,,NEUTRO
7957634,Holanda_2 Eerste Divisie,14987,1775239200,381,392,Willem II,PSV II,incomplete,0.0,0.0,0.0,0.0,0.0,1.79,1.64,1.67,1.44,2026-04-03 15:00,124.16119730363448,0.4460000000000002,0.1500000000000001,0.1999999999999999,0.2299999999999999,0.7000000000000002,-0.5999999999999999,10,10,1564.1577686304724,1489.996571326838,1.891,1.4449999999999998,0.6,0.4,2.1,1.4,0.7,0.5,0.5407501438222321,0.1880070130176233,0.5343309092262487,0.4944388862233566,0.6980075584878558,0.1929861555918626,-1.0,-1.0,-1.0,-1.0,-1.0,-1.0,,,,,,,,,,,,,1481.47,0.9878,10,1500.92,1.0008,10,0.844,0.8544,0.2321,0.2319,0.9214,0.9328,0.3831,0.3828,0.4064,0.4114,0.0387,0.0387,,,2.016,1.418,,,,,0.209,-0.045,,,,,NEUTRO
7957661,Holanda_2 Eerste Divisie,14987,1775239200,377,400,ADO Den Haag,Ajax II,incomplete,0.0,0.0,0.0,0.0,0.0,2.38,1.3,2.31,0.75,2026-04-03 15:00,259.02596300827827,0.6700000000000006,1.0799999999999998,0.3,1.56,0.2000000000000001,-0.7,10,10,1656.3523782071547,1447.3264151988765,2.0120000000000005,1.342,0.8,0.5,1.6,1.4,0.5,0.6,0.7715602267449,0.0865294120700739,0.5273622281940359,0.5862608811132531,0.7330698955105733,0.2259810830758414,-1.0,-1.0,-1.0,-1.0,-1.0,-1.0,,,,,,,,,,,,,1498.2,0.9989,10,1495.8,0.9973,10,0.0989,0.099,0.2321,0.2327,1.2574,1.2588,0.0654,0.0656,1.2207,1.222,0.4991,0.5005,,,1.765,1.377,,,,,-0.412,0.058,,,,,NEUTRO
7957662,Holanda_2 Eerste Divisie,14987,1775239200,393,391,Almere City,Oss,incomplete,0.0,0.0,0.0,0.0,0.0,1.92,1.32,1.69,1.06,2026-04-03 15:00,179.0748452354012,0.1150000000000002,0.5999999999999999,0.3,0.6299999999999999,0.7999999999999999,-0.3999999999999999,10,10,1560.3646086029328,1431.2897633675316,1.4490000000000005,1.334,0.4,0.1,1.7,0.9,0.6,0.6,0.6223609717939599,0.1653541370780645,0.5474565809111205,0.6068531891775906,0.7468471784333521,0.2148035214373758,-1.0,-1.0,-1.0,-1.0,-1.0,-1.0,,,,,,,,,,,,,1522.62,1.0152,10,1500.96,1.0008,10,0.248,0.2443,-0.6314,-0.6309,-0.306,-0.3014,0.0407,0.0407,-0.408,-0.4019,-1.3425,-1.3414,,,1.6,1.074,,,,,0.251,-0.434,,,,,NEUTRO
7957663,Holanda_2 Eerste Divisie,14987,1775239200,384,368,Dordrecht,Roda JC,incomplete,0.0,0.0,0.0,0.0,0.0,1.77,1.55,1.25,1.88,2026-04-03 15:00,8.019500711704723,-0.1299999999999999,0.2199999999999999,0.1,-0.6299999999999999,0.1999999999999999,-0.1999999999999999,10,10,1466.7888441594832,1508.7693434477785,1.5570000000000002,1.687,0.4,0.3,1.4,1.2,0.6,0.5,0.3619390982091389,0.3600655529229465,0.5497895772482942,0.574903856414309,0.7320437025365915,0.1842022069244137,-1.0,-1.0,-1.0,-1.0,-1.0,-1.0,,,,,,,,,,,,,1466.27,0.9777,10,1510.97,1.0075,10,-0.1991,-0.2036,-0.1133,-0.1125,-0.0061,-0.0062,1.1295,1.1211,-0.408,-0.4173,-0.4217,-0.4186,,,1.463,1.395,,,,,-0.157,-0.487,,,,,NEUTRO
7957668,Holanda_2 Eerste Divisie,14987,1775239200,396,399,Den Bosch,Utrecht II,incomplete,0.0,0.0,0.0,0.0,0.0,1.75,1.42,1.75,0.81,2026-04-03 15:00,78.37642654841329,-0.0039999999999997,0.33,0.0999999999999999,0.94,0.3999999999999999,0.1999999999999999,10,10,1500.4862303145212,1472.109803766108,1.544,1.5479999999999998,0.3,0.2,1.5,1.1,0.5,0.4,0.4521979480062121,0.2956687335536699,0.5447891764040236,0.5584183807898259,0.7247788820478266,0.2138385904922624,-1.0,-1.0,-1.0,-1.0,-1.0,-1.0,,,,,,,,,,,,,1499.3,0.9997,10,1525.42,1.0171,10,-0.0501,-0.0501,-0.286,-0.2812,-0.0422,-0.0422,0.7008,0.689,-0.8151,-0.8153,-0.8821,-0.8673,,,1.518,1.279,,,,,-0.044,-0.448,,,,,NEUTRO
7957669,Holanda_2 Eerste Divisie,14987,1775239200,388,386,MVV,RKC Waalwijk,incomplete,0.0,0.0,0.0,0.0,0.0,1.34,1.61,1.38,1.44,2026-04-03 15:00,0.3224114883810216,-0.3249999999999999,-0.27,-0.2,-0.06,-0.8,0.8999999999999999,10,10,1464.6547761787417,1514.3323646903605,1.1780000000000002,1.503,0.2,0.4,1.0,1.8,0.6,0.8,0.2808546259352321,0.4441908937984228,0.5406699839461556,0.492579605857928,0.6867612636653281,0.1895947599713545,-1.0,-1.0,-1.0,-1.0,-1.0,-1.0,,,,,,,,,,,,,1508.34,1.0057,10,1498.93,0.9994,10,-0.7951,-0.7906,0.923,0.9236,-1.0586,-1.0526,0.562,0.5623,-1.2223,-1.2154,0.0387,0.0387,,,1.071,1.681,,,,,-0.178,0.297,,,,,NEUTRO
7957671,Holanda_2 Eerste Divisie,14987,1775239200,401,382,VVV,Cambuur,incomplete,0.0,0.0,0.0,0.0,0.0,1.85,1.61,1.19,2.06,2026-04-03 15:00,-164.290415222536,-0.399,0.24,-0.6,-0.8700000000000001,-0.8999999999999999,0.3,10,10,1431.0934517955022,1645.3838670180382,1.458,1.857,0.1,0.7,1.1,2.0,0.6,0.6,0.1856000226547579,0.6353516214045345,0.549072905046866,0.5773780351188005,0.7354780688270234,0.2027591052918762,-1.0,-1.0,-1.0,-1.0,-1.0,-1.0,,,,,,,,,,,,,1486.89,0.9914,10,1455.12,0.9702,10,-0.6461,-0.6517,1.2684,1.3074,-0.281,-0.2834,1.6539,1.7047,-1.6295,-1.6436,1.4199,1.4635,,,1.243,1.943,,,,,-0.358,0.143,,,,,NEUTRO
7957672,Holanda_2 Eerste Divisie,14987,1775239200,394,383,Eindhoven,De Graafschap,incomplete,0.0,0.0,0.0,0.0,0.0,1.5,1.84,1.53,1.67,2026-04-03 15:00,-21.388025407793748,0.0310000000000001,-0.3400000000000001,0.0,-0.1399999999999999,0.0,-0.2000000000000001,10,10,1469.2960647996215,1540.6840902074157,1.9450000000000005,1.914,0.4,0.4,1.7,1.7,0.8,0.7,0.2878365730175339,0.4118350788651267,0.5399629921314081,0.4549420123714237,0.6769647079185803,0.1809644991448673,-1.0,-1.0,-1.0,-1.0,-1.0,-1.0,,,,,,,,,,,,,1490.48,0.9938,10,1512.62,1.0086,10,0.248,0.2495,0.7503,0.7439,1.0714,1.0781,1.8297,1.8141,-0.408,-0.4105,0.0387,0.0384,,,1.798,1.786,,,,,-0.245,-0.214,,,,,NEUTRO
8242306,Holanda_2 Eerste Divisie,14987,1775239200,369,397,Vitesse,Emmen,incomplete,0.0,0.0,0.0,0.0,0.0,1.65,1.4,1.38,0.93,2026-04-03 15:00,143.65325823864828,0.1799999999999997,0.25,0.3,0.4499999999999998,0.5,-0.3999999999999999,10,10,1539.101521077545,1445.4482628388969,1.569,1.3890000000000002,0.5,0.2,1.6,1.1,0.6,0.5,0.546715677623049,0.195158194606896,0.5415551540979018,0.5404429209443117,0.7151143064050587,0.197308108371692,-1.0,-1.0,-1.0,-1.0,-1.0,-1.0,,,,,,,,,,,,,1509.82,1.0067,10,1516.64,1.0112,10,0.0989,0.0982,-0.286,-0.2828,0.0272,0.027,0.2104,0.2081,-0.0008,-0.0008,-0.8821,-0.8723,,,1.588,1.216,,,,,0.031,-0.289,,,,,NEUTRO
8202188,Inglaterra_2 Championship,14930,1775224800,225,207,Charlton Athletic,Bristol City,incomplete,2.68,3.18,2.6,0.0,2.05,1.44,1.31,1.47,1.37,2026-04-03 11:00,76.22144170153456,-0.0589999999999999,0.1299999999999999,0.0999999999999999,0.0999999999999998,-0.2,-1.1,10,10,1478.8277080622292,1452.6062663606947,1.139,1.198,0.3,0.2,0.7,0.9,0.1,0.5,0.4467261944590486,0.273412731628707,0.5479394267328308,0.5463501137312436,0.7184376922946613,0.2029451157822251,0.1972262011502503,-0.2891268977653616,-1.0,0.1200177331490492,0.4727972692040554,-1.0,0.1972262011502503,2.68,0.0,-0.2891268977653618,2.6,0.0,0.1200177331490492,2.05,0.0,,,,1512.02,1.0081,10,1510.79,1.0072,10,-1.2421,-1.2321,-0.6314,-0.6269,-1.1669,-1.1575,-0.3788,-0.3761,-0.8151,-0.8086,-0.8821,-0.8758,0.3731,0.3846,0.876,1.019,2.3466,2.6499,0.3368,0.3803,-0.439,-0.298,0.0736,-0.1112,0.5029,0.3405,NEUTRO
8202218,Inglaterra_2 Championship,14930,1775224800,159,272,Norwich City,Portsmouth,incomplete,1.76,3.54,4.61,0.0,1.98,1.55,1.16,1.32,0.95,2026-04-03 11:00,172.94816597917315,-0.207,0.3900000000000001,0.4999999999999999,0.3700000000000001,0.5,-1.2,10,10,1546.1885001064416,1423.2403341272684,1.6149999999999998,1.822,0.7,0.2,1.5,1.0,0.3,0.5,0.5775046880554593,0.1866171141178938,0.5596873786525746,0.6236133537585313,0.7517411997319194,0.2068017354250091,0.0164082509776084,-0.1396951039165095,-1.0,0.2347544404418919,0.4884475754692003,-1.0,0.0164082509776084,1.76,0.0,-0.1396951039165095,4.61,0.0,0.2347544404418919,1.98,0.0,,,,1480.46,0.987,10,1505.49,1.0037,10,-0.0501,-0.0508,-0.4587,-0.457,0.155,0.157,1.546,1.5403,0.8135,0.8242,-0.8821,-0.8788,0.5682,0.2169,1.546,1.329,2.721,6.1258,0.3354,0.755,-0.115,-0.822,0.0093,-0.0303,0.5754,0.3894,NEUTRO
8202219,Inglaterra_2 Championship,14930,1775224800,160,155,Queens Park Rangers,Watford,incomplete,2.68,3.22,2.57,0.0,1.95,1.58,1.32,1.53,1.05,2026-04-03 11:00,9.333838222100894,-0.094,0.26,0.1,0.48,0.3999999999999999,0.7999999999999998,10,10,1475.4657309980755,1516.1318927759746,1.389,1.483,0.4,0.3,1.5,1.1,0.7,0.4,0.348823504739295,0.396156380025446,0.5451116869876749,0.5566996375982688,0.7227053395558664,0.1954003818325865,-0.0651530072986893,0.0181218966653964,-1.0,0.085564293316624,0.4092754121339392,-1.0,-0.0651530072986893,2.68,0.0,0.0181218966653962,2.57,0.0,0.085564293316624,1.95,0.0,,,,1496.28,0.9976,10,1483.9,0.9893,10,-0.0501,-0.0502,-0.286,-0.2891,-0.4726,-0.4737,0.5003,0.5057,-0.408,-0.409,-0.4217,-0.4263,0.3731,0.3891,1.456,1.253,3.901,3.2207,0.5664,0.4676,0.111,-0.383,-0.0243,0.0071,0.6885,0.3646,NEUTRO
8202220,Inglaterra_2 Championship,14930,1775224800,251,154,Sheffield United,Swansea City,incomplete,1.85,3.64,3.96,0.0,1.85,1.76,1.26,1.42,0.89,2026-04-03 11:00,37.24646763924079,-0.0250000000000001,0.5,-0.0999999999999999,0.5299999999999999,0.1999999999999999,0.0,10,10,1484.246683152027,1497.000215512786,1.3889999999999998,1.414,0.4,0.5,1.4,1.2,0.6,0.4,0.4274247185465996,0.3310567105322823,0.5460199199130582,0.5857179097125722,0.7393668803603889,0.2198847069598435,-0.2092642706887906,0.3109845737078378,-1.0,0.0835781329682585,0.3678287286667194,-1.0,-0.2092642706887907,1.85,0.0,0.3109845737078378,3.96,0.0,0.0835781329682585,1.85,0.0,,,,1493.45,0.9957,10,1526.51,1.0177,10,-0.1991,-0.2,-0.1133,-0.1113,-0.4726,-0.4746,0.2875,0.2825,-0.408,-0.4098,0.4991,0.4904,0.5405,0.2525,1.396,1.286,2.5819,5.091,0.3524,0.6949,0.011,-0.214,-0.1131,0.0785,0.4977,0.7135,VALOR_REAL_FORA
8202231,Inglaterra_2 Championship,14930,1775242800,239,213,Coventry City,Derby County,incomplete,1.47,4.3,6.46,0.0,1.68,2.03,1.13,2.37,1.58,2026-04-03 16:00,131.44658712530395,0.3409999999999999,0.8999999999999999,0.0999999999999999,0.79,0.1999999999999999,-0.4000000000000001,10,10,1625.7639416705117,1544.3173545452078,1.743,1.402,0.7,0.6,1.9,1.7,0.7,0.5,0.6074247214604067,0.1839257671567659,0.5370629160304817,0.6019045536092165,0.7435483686873556,0.2184170375178062,-0.1070856594532021,0.1881604558327076,-1.0,0.0111996500634836,0.2491612593947574,-1.0,-0.1070856594532021,1.47,0.0,0.1881604558327076,6.46,0.0,0.0111996500634836,1.68,0.0,,,,1499.28,0.9996,10,1484.84,0.9899,10,0.546,0.5462,0.7503,0.758,0.5104,0.5106,0.2505,0.2531,0.8135,0.8138,0.9595,0.9693,0.6803,0.1548,1.837,1.581,2.7007,10.212,0.2844,1.0754,0.157,0.298,-0.0728,0.0291,0.5005,0.5411,NEUTRO
8202232,Inglaterra_2 Championship,14930,1775224800,243,150,Oxford United,Hull City,incomplete,2.64,3.22,2.61,0.0,1.98,1.42,1.23,1.16,1.74,2026-04-03 11:00,-50.23242051648708,-0.1230000000000002,0.1899999999999999,-0.1,-0.5800000000000001,-0.4999999999999999,-0.3999999999999999,10,10,1448.266078909125,1548.4984994256122,1.057,1.1800000000000002,0.3,0.4,0.9,1.4,0.5,0.7,0.2965997141732952,0.4376938687650603,0.5455817528068695,0.551534151273619,0.720432982468205,0.1867077160928367,-0.2169767545825005,0.1423809974768073,-1.0,0.0920376195217655,0.4264573052870457,-1.0,-0.2169767545825005,2.64,0.0,0.1423809974768073,2.61,0.0,0.0920376195217655,1.98,0.0,,,,1503.23,1.0022,10,1472.6,0.9818,10,-0.9441,-0.942,0.2321,0.2364,-1.3946,-1.3915,-0.4343,-0.4424,-0.8151,-0.8133,0.0387,0.0394,0.3788,0.3831,0.963,1.312,2.5418,3.4243,0.3689,0.497,-0.157,0.22,-0.0822,0.0546,0.3837,0.4048,NEUTRO
8202239,Inglaterra_2 Championship,14930,1775224800,206,216,Birmingham City,Blackburn Rovers,incomplete,1.72,3.54,4.9,0.0,1.98,1.93,1.29,1.84,1.26,2026-04-03 11:00,85.69214300744807,0.175,0.6399999999999999,0.0,0.5800000000000001,-0.0999999999999999,0.0,10,10,1489.7389260009484,1454.0467829935003,1.428,1.253,0.4,0.4,0.9,1.0,0.4,0.4,0.5089036325088572,0.2499694216998804,0.5374565322826788,0.577096446385873,0.7308089578811385,0.2107481191649885,-0.1246857520847656,0.2248501663294142,-1.0,0.1426509638440285,0.4470017366046543,-1.0,-0.1246857520847656,1.72,0.0,0.224850166329414,4.9,0.0,0.1426509638440285,1.98,0.0,,,,1498.44,0.999,10,1514.59,1.0098,10,-0.9441,-0.945,-0.4587,-0.4542,-0.3643,-0.3647,-0.2091,-0.2071,-0.408,-0.4084,0.0387,0.0383,0.5814,0.2041,1.111,1.101,1.9113,5.3959,0.2268,0.6402,-0.528,-0.253,-0.0725,0.0459,0.287,0.5943,FALSO_FAVORITO_CASA
8202240,Inglaterra_2 Championship,14930,1775224800,108,210,Leicester City,Preston North End,incomplete,1.79,3.65,4.27,0.0,1.88,1.39,1.17,1.32,1.16,2026-04-03 11:00,23.885852250520657,0.1550000000000004,0.2199999999999999,-0.1,0.1600000000000001,0.2,0.0999999999999998,10,10,1440.965165425908,1467.0793131753874,1.2900000000000005,1.1349999999999998,0.1,0.2,1.1,0.9,0.4,0.4,0.396516938824602,0.3298508451337369,0.5379684241226895,0.5225603860276108,0.7105758080014252,0.2006780675158642,-0.2902346795039623,0.4084631087210564,-1.0,-0.0175864742680917,0.3358825190426793,-1.0,-0.2902346795039624,1.79,0.0,0.4084631087210564,4.27,0.0,-0.0175864742680917,1.88,0.0,,,,1511.34,1.0076,10,1515.67,1.0105,10,-0.6461,-0.6412,-0.6314,-0.6248,-0.7476,-0.742,-0.5731,-0.5671,-1.6295,-1.6172,-0.8821,-0.8729,0.5587,0.2342,1.176,0.994,2.105,4.2444,0.2754,0.5553,-0.19,-0.235,-0.1621,0.0957,0.3911,0.5884,POTENCIAL_FORA
8202241,Inglaterra_2 Championship,14930,1775224800,142,1837,West Bromwich Albion,Wrexham,incomplete,2.4,3.2,2.96,0.0,2.05,1.67,1.0,1.47,1.58,2026-04-03 11:00,-77.87354613097114,0.1419999999999999,0.6699999999999999,-0.3999999999999999,-0.1100000000000001,-0.8999999999999999,-0.3999999999999999,10,10,1447.5921066046662,1575.4656527356374,1.436,1.294,0.2,0.6,0.8,1.7,0.3,0.6,0.3260729025728561,0.437783320134488,0.5358631826213609,0.5684688203006942,0.7299270342948474,0.2075845375656453,-0.2174250338251452,0.2958386275980846,-1.0,0.165361081616423,0.4963504203044371,-1.0,-0.2174250338251454,2.4,0.0,0.2958386275980844,2.96,0.0,0.165361081616423,2.05,0.0,,,,1507.42,1.005,10,1507.68,1.0052,10,-1.0931,-1.0877,0.7503,0.7464,-0.3421,-0.3404,-0.0827,-0.0823,-1.2223,-1.2162,0.9595,0.9545,0.4167,0.3378,1.054,1.538,2.5306,4.5513,0.3562,0.6407,-0.636,0.406,-0.0906,0.0999,0.277,0.4801,NEUTRO
8202248,Inglaterra_2 Championship,14930,1775215800,147,229,Middlesbrough,Millwall,incomplete,1.67,3.88,4.75,0.0,1.65,1.81,1.3,1.89,1.74,2026-04-03 08:30,30.50025580983629,0.671,0.51,-0.1999999999999999,0.1499999999999999,-0.3999999999999999,-0.0999999999999999,10,10,1573.63512679,1593.1348709801637,2.043,1.372,0.4,0.6,1.3,1.7,0.4,0.5,0.4679931772130608,0.2556180238482819,0.5181635897197895,0.4841491398831899,0.6894126721760109,0.1922811668684114,-0.2184513940541884,0.2141856132793393,-1.0,-0.2011539191927366,0.1375309090904179,-1.0,-0.2184513940541885,1.67,0.0,0.2141856132793391,4.75,0.0,-0.2011539191927367,1.65,0.0,,,,1472.73,0.9819,10,1511.24,1.0075,10,-0.3481,-0.3545,0.7503,0.7447,1.3435,1.3683,0.1579,0.1567,-0.408,-0.4155,0.9595,0.9524,0.5988,0.2105,1.597,1.569,2.6673,7.4518,0.3363,0.9394,-0.743,0.328,-0.1308,0.0451,0.2576,0.571,FALSO_FAVORITO_CASA
8202270,Inglaterra_2 Championship,14930,1775224800,141,214,Stoke City,Sheffield Wednesday,incomplete,1.31,5.05,9.4,0.0,1.63,1.49,0.91,1.53,0.37,2026-04-03 11:00,246.19684657572952,0.5000000000000002,0.58,0.2,1.16,0.6,-0.5000000000000002,10,10,1459.499688378348,1263.3028418026186,1.3000000000000005,0.8,0.2,0.0,1.2,0.6,0.6,0.6,0.7186705200834006,0.1043633344529176,0.532369769431556,0.5462003538422598,0.7191661585005955,0.2239109523202722,-0.0585416186907451,-0.0189846561425744,-1.0,-0.1096934232371165,0.1722408383559706,-1.0,-0.0585416186907451,1.31,0.0,-0.0189846561425746,9.4,0.0,-0.1096934232371165,1.63,0.0,,,,1500.5,1.0004,10,1537.55,1.0251,10,-0.4971,-0.4969,-1.1496,-1.1215,-0.7198,-0.7195,-1.6064,-1.5671,-1.2223,-1.2218,-1.8029,-1.7588,0.7634,0.1064,1.24,0.68,1.6244,6.392,0.1319,0.5191,-0.1,-0.2,-0.0447,-0.002,0.4896,0.5046,NEUTRO
8217048,Inglaterra_3 League One,14934,1774710000,228,208,Blackpool,Burton Albion,incomplete,2.47,3.22,2.8,1.7,1.95,1.21,1.26,1.53,1.0,2026-03-28 12:00,26.945172515476315,-0.2959999999999998,-0.05,-0.2,0.53,-0.1999999999999999,1.0,10,10,1448.9027626813663,1471.9575901658902,1.013,1.309,0.2,0.4,1.1,1.3,0.7,0.5,0.3306159649462656,0.4121536378645716,0.5443845915939495,0.5259719426548052,0.7073143017992849,0.2104841511604593,-0.1833785665827239,0.1540301860208006,-0.0745461942902859,0.02564528817687,0.3792628885086055,-0.6421769430272192,-0.1833785665827239,2.47,0.0,0.1540301860208004,2.8,0.0,0.02564528817687,1.95,0.0,-0.0745461942902859,1.7,0.0,1511.88,1.0078,10,1498.12,0.9987,10,-0.6461,-0.6411,0.0594,0.0595,-1.5168,-1.5051,-0.0364,-0.0364,-1.2223,-1.2128,0.0387,0.0388,0.4049,0.3571,1.065,1.304,2.631,3.6501,0.3804,0.5278,0.087,-0.009,-0.0742,0.055,0.5075,0.5813,NEUTRO
8217056,Inglaterra_3 League One,14934,1774710000,268,255,Exeter City,Leyton Orient,incomplete,2.31,3.3,2.9,1.65,1.8,1.42,1.3,1.37,1.0,2026-03-28 12:00,-16.405206728939447,0.0010000000000003,0.1199999999999998,-0.5,0.3700000000000001,-0.6,0.8000000000000003,10,10,1424.709730543888,1491.1149372728275,1.2600000000000002,1.259,0.0,0.5,0.9,1.5,0.5,0.7,0.3247499629830981,0.4219710686970761,0.533081936314335,0.5012435377938051,0.6983559046536505,0.2154261003689766,-0.2498275855090433,0.2237160992215208,-0.1204148050813472,-0.0977616319711507,0.2570406283765709,-0.6445469343911886,-0.2498275855090433,2.31,0.0,0.2237160992215208,2.9,0.0,-0.0977616319711507,1.8,0.0,-0.1204148050813472,1.65,0.0,1528.77,1.0191,10,1506.54,1.0043,10,-0.9441,-0.9264,0.4048,0.4031,-0.8309,-0.8153,-0.1906,-0.1898,-2.0366,-1.9984,0.4991,0.497,0.4329,0.3448,1.044,1.404,2.4116,4.0704,0.36,0.6076,-0.36,0.241,-0.1082,0.0771,0.408,0.5375,NEUTRO
8217058,Inglaterra_3 League One,14934,1774710000,219,221,Reading,Wigan Athletic,incomplete,2.15,3.4,3.3,1.85,2.1,1.3,1.14,1.79,0.79,2026-03-28 12:00,119.68420646361392,-0.1280000000000001,0.1600000000000001,0.0999999999999999,1.0,0.4000000000000001,-0.3999999999999999,10,10,1547.074259214418,1477.390052750804,1.032,1.16,0.5,0.4,1.6,1.2,0.6,0.4,0.4891251695021371,0.2587687590451712,0.5507990816116592,0.5575208558704934,0.7259253690327713,0.2259990003854645,0.0516191144295947,-0.146063095150935,0.0189783009815696,0.1707937973280362,0.5244432749688197,-0.5819018492868906,0.0516191144295947,2.15,0.0,-0.146063095150935,3.3,0.0,0.1707937973280362,2.1,0.0,0.0189783009815696,1.85,0.0,1498.86,0.9992,10,1502.08,1.0013,10,0.0989,0.099,-0.1133,-0.1132,-1.464,-1.4652,-0.496,-0.4954,-0.0008,-0.0008,0.0387,0.0386,0.4651,0.303,1.373,1.184,2.9515,3.9072,0.416,0.5507,0.568,0.04,0.024,-0.0443,0.5866,0.5168,NEUTRO
8217060,Inglaterra_3 League One,14934,1774710000,266,247,Wycombe Wanderers,Port Vale,incomplete,1.6,4.1,5.6,1.83,1.8,1.59,1.1,1.89,0.83,2026-03-28 12:00,185.1222445056076,0.4750000000000001,0.49,0.3,1.06,1.0,0.0,10,10,1535.6238286571277,1400.50158415152,1.592,1.1169999999999998,0.5,0.2,1.9,0.9,0.6,0.3,0.6349355932578904,0.1482400464570713,0.5338406272303321,0.5364217271027492,0.7157158080069189,0.2082878832460985,0.0158969492126246,-0.1698557398404007,-0.0230716521684922,-0.0344408912150514,0.288288454412454,-0.6188331736596396,0.0158969492126246,1.6,0.0,-0.1698557398404007,5.6,0.0,-0.0344408912150514,1.8,0.0,-0.0230716521684922,1.83,0.0,1521.9,1.0145,10,1502.6,1.0016,10,0.546,0.5382,-0.6314,-0.6304,0.0911,0.0898,-0.6286,-0.6276,-0.0008,-0.0008,-0.8821,-0.8807,0.625,0.1786,1.777,0.987,2.8429,5.5261,0.3173,0.6167,0.308,-0.217,0.0099,-0.0303,0.6397,0.4324,NEUTRO
8217062,Inglaterra_3 League One,14934,1774710000,3143,241,Stockport County,AFC Wimbledon,incomplete,1.61,4.0,5.0,1.85,1.8,1.63,1.13,1.89,1.16,2026-03-28 12:00,114.0344240014506,0.036,0.5,0.0,0.73,-0.7,-0.3999999999999999,10,10,1529.467404678798,1465.4329806773474,1.6510000000000002,1.6150000000000002,0.4,0.4,1.3,2.0,0.7,0.7,0.5207569994447657,0.2345158694007569,0.5389542462614164,0.567774221741444,0.7227333300690895,0.2151725714136929,-0.1615812308939271,0.1725793470037844,-0.0029346444163795,0.0219935991345991,0.300919994124361,-0.6019307428846681,-0.1615812308939271,1.61,0.0,0.1725793470037844,5.0,0.0,0.0219935991345991,1.8,0.0,-0.0029346444163795,1.85,0.0,1495.99,0.9972,10,1486.49,0.9909,10,-0.3481,-0.3491,1.2684,1.28,0.2549,0.2556,0.9075,0.9158,-0.408,-0.4091,0.0387,0.0391,0.6211,0.2,1.44,1.846,2.319,9.23,0.2881,1.1466,-0.351,0.385,-0.1004,0.0345,0.4213,0.4158,NEUTRO
8217063,Inglaterra_3 League One,14934,1775224800,248,242,Bradford City,Northampton Town,incomplete,1.47,4.33,6.4,0.0,0.0,1.65,1.02,2.37,0.65,2026-04-03 11:00,211.2928042405668,0.6820000000000006,0.6299999999999999,0.4,1.7200000000000002,0.5,-0.7,10,10,1515.3228729343984,1354.0300686938317,1.7300000000000004,1.0479999999999998,0.5,0.1,1.2,0.7,0.4,0.5,0.6873828354090548,0.1185121821317223,0.5273497020389579,0.5171237519711697,0.7034971554650745,0.2127778274127815,0.0104527680513104,-0.2415220343569769,-1.0,-1.0,-1.0,-1.0,0.0104527680513104,1.47,0.0,-0.2415220343569772,6.4,0.0,,,,,,,1462.83,0.9751,10,1486.09,0.9906,10,-0.4971,-0.5098,-0.9769,-0.9862,0.4743,0.4864,-0.8415,-0.8495,-0.0008,-0.0008,-1.3425,-1.3552,0.6803,0.1562,1.412,0.839,2.0756,5.3709,0.2206,0.5709,-0.53,-0.348,0.0071,-0.0377,0.3509,0.2603,NEUTRO
8217064,Inglaterra_3 League One,14934,1775224800,228,268,Blackpool,Exeter City,incomplete,0.0,0.0,0.0,0.0,0.0,1.21,1.01,1.53,0.8,2026-04-03 11:00,74.19303213747844,-0.2470000000000001,0.1999999999999999,0.2,0.73,0.2,-0.1,10,10,1448.9027626813663,1424.709730543888,1.013,1.2600000000000002,0.2,0.0,1.1,0.9,0.7,0.5,0.418354404875829,0.3221528895975208,0.552741403138134,0.574158156639521,0.7297482321214169,0.2088657895155383,-1.0,-1.0,-1.0,-1.0,-1.0,-1.0,,,,,,,,,,,,,1511.88,1.0078,10,1528.77,1.0191,10,-0.6461,-0.6411,-0.6314,-0.6196,-1.5168,-1.5051,-0.1875,-0.184,-1.2223,-1.2128,-1.8029,-1.7691,,,1.065,1.044,,,,,0.087,-0.36,,,,,NEUTRO
8217065,Inglaterra_3 League One,14934,1775224800,208,215,Burton Albion,Barnsley,incomplete,0.0,0.0,0.0,0.0,0.0,1.46,1.24,1.35,1.06,2026-04-03 11:00,41.67535462583237,-0.0009999999999998,0.2199999999999999,0.1,0.29,-0.1999999999999999,-0.2999999999999998,10,10,1471.9575901658902,1480.282235540058,1.309,1.3099999999999998,0.4,0.3,1.3,1.5,0.5,0.6,0.4018483627252336,0.3216195735184329,0.5426869029456596,0.5400957817332539,0.7133644513576907,0.1953532969763059,-1.0,-1.0,-1.0,-1.0,-1.0,-1.0,,,,,,,,,,,,,1498.12,0.9987,10,1498.3,0.9988,10,-0.3481,-0.3486,0.4048,0.4053,-0.6948,-0.6957,-0.0333,-0.0333,-0.408,-0.4085,-0.4217,-0.4222,,,1.304,1.424,,,,,-0.009,0.19,,,,,NEUTRO
8217066,Inglaterra_3 League One,14934,1775215800,231,267,Doncaster Rovers,Mansfield Town,incomplete,2.17,3.61,2.84,0.0,0.0,1.49,1.0,1.53,1.12,2026-04-03 08:30,52.12055881534661,-0.407,0.49,0.3,0.4099999999999999,-0.2,0.1999999999999999,10,10,1502.5070687515677,1500.386509936221,1.252,1.659,0.5,0.2,0.9,1.1,0.5,0.4,0.3980184838820316,0.3564763822010165,0.5557532499442173,0.630930755538997,0.7496117080425442,0.1968629560964407,-0.1362998899759914,0.0123929254508867,-1.0,-1.0,-1.0,-1.0,-0.1362998899759915,2.17,0.0,0.0123929254508867,2.84,0.0,,,,,,,1496.02,0.9973,10,1485.37,0.9902,10,-0.9441,-0.9467,-0.286,-0.2888,-0.8531,-0.8554,1.0432,1.0535,-0.0008,-0.0008,-0.8821,-0.8908,0.4608,0.3521,1.041,1.324,2.2585,3.759,0.3665,0.61,-0.352,-0.559,-0.0628,0.0044,0.3319,0.3432,NEUTRO
8217067,Inglaterra_3 League One,14934,1775224800,217,219,Huddersfield Town,Reading,incomplete,0.0,0.0,0.0,0.0,0.0,1.55,1.2,2.05,1.2,2026-04-03 11:00,5.708669744580902,0.2159999999999997,0.3500000000000001,-0.2,0.8499999999999999,-0.5,0.0,10,10,1502.7829289589988,1547.074259214418,1.2479999999999998,1.032,0.3,0.5,1.1,1.6,0.5,0.6,0.3837243362257594,0.3562272233215571,0.5320236925757857,0.5091494961082808,0.7010182218675004,0.2115393777869559,-1.0,-1.0,-1.0,-1.0,-1.0,-1.0,,,,,,,,,,,,,1505.57,1.0036,10,1498.86,0.9992,10,-0.6461,-0.6438,0.5775,0.578,-0.8642,-0.8611,-0.8908,-0.8915,-0.8151,-0.8122,0.4991,0.4995,,,1.159,1.373,,,,,-0.148,0.568,,,,,NEUTRO
8217068,Inglaterra_3 League One,14934,1775224800,1021,241,Lincoln City,AFC Wimbledon,incomplete,0.0,0.0,0.0,0.0,0.0,1.67,1.13,2.45,1.16,2026-04-03 11:00,276.2094083877025,0.2189999999999998,0.54,0.4,1.2900000000000005,0.6000000000000001,-1.4,10,10,1691.64238906505,1465.4329806773474,1.834,1.6150000000000002,0.8,0.4,2.6,2.0,0.6,0.7,0.7356732844261739,0.0977759159738438,0.5464789213449531,0.5869029797322656,0.7372704930375523,0.2327068996055501,-1.0,-1.0,-1.0,-1.0,-1.0,-1.0,,,,,,,,,,,,,1493.7,0.9957,10,1486.49,0.9909,10,1.589,1.5959,1.2684,1.28,0.7631,0.7664,0.9075,0.9158,1.2207,1.226,0.0387,0.0391,,,2.294,1.846,,,,,0.766,0.385,,,,,NEUTRO
8217070,Inglaterra_3 League One,14934,1775224800,264,226,Plymouth Argyle,Bolton Wanderers,incomplete,2.43,3.58,2.63,0.0,0.0,1.49,1.65,1.5,1.2,2026-04-03 11:00,51.20643845353925,-0.1960000000000001,-0.1599999999999999,0.2999999999999999,0.3,0.5999999999999999,0.0,10,10,1571.132094908505,1569.9256564549655,1.753,1.9490000000000005,0.7,0.4,2.4,1.8,0.8,0.5,0.3612728071714267,0.3492677002541294,0.5518445478087024,0.5246557168933808,0.7088512390183849,0.1889115791427757,-0.1221070785734329,-0.0814259483316395,-1.0,-1.0,-1.0,-1.0,-0.122107078573433,2.43,0.0,-0.0814259483316397,2.63,0.0,,,,,,,1506.0,1.0039,10,1474.02,0.9826,10,1.291,1.286,0.923,0.9393,0.5382,0.5361,1.9377,1.972,0.8135,0.8103,0.0387,0.0394,0.4115,0.3802,2.141,1.86,5.2031,4.8907,0.8141,0.7653,0.647,-0.149,-0.0502,-0.031,0.439,0.2949,NEUTRO
8217071,Inglaterra_3 League One,14934,1775224800,212,258,Rotherham United,Stevenage,incomplete,3.15,3.08,2.35,0.0,0.0,1.34,1.1,1.32,1.11,2026-04-03 11:00,-71.41129366419636,-0.2320000000000002,0.24,-0.5,0.2099999999999999,-0.7000000000000001,0.7,10,10,1402.528032347151,1523.9393260113477,1.1469999999999998,1.379,0.1,0.6,0.4,1.1,0.5,0.5,0.264568924910104,0.5194919575851181,0.5420474046120125,0.5481644232800564,0.7203168738961525,0.216780641125158,-0.1666078865331723,0.2208061003250276,-1.0,-1.0,-1.0,-1.0,-0.1666078865331725,3.15,0.0,0.2208061003250276,2.35,0.0,,,,,,,1548.46,1.0322,10,1503.79,1.0024,10,-1.6892,-1.6365,-0.286,-0.2853,-1.1447,-1.109,0.1795,0.1791,-1.6295,-1.5787,0.9595,0.9572,0.3175,0.4255,0.699,1.212,2.2012,2.8473,0.2974,0.3846,-0.747,-0.279,-0.0529,0.094,0.2993,0.5028,POTENCIAL_FORA
8217072,Inglaterra_3 League One,14934,1775224800,271,250,Luton Town,Peterborough United,incomplete,1.64,4.25,4.5,0.0,0.0,1.63,1.17,1.8,1.15,2026-04-03 11:00,71.29039002800596,-0.0069999999999996,0.4599999999999999,0.0,0.6500000000000001,-0.8000000000000003,-0.1,10,10,1508.584883952446,1487.29449392444,1.328,1.3349999999999995,0.3,0.3,1.4,2.2,0.5,0.7,0.4537144218032713,0.2895469440740718,0.5383796488776087,0.5611853738452288,0.7184742266144508,0.2064320262866572,-0.2559083482426351,0.3029612483333233,-1.0,-1.0,-1.0,-1.0,-0.2559083482426351,1.64,0.0,0.302961248333323,4.5,0.0,,,,,,,1497.64,0.9983,10,1460.93,0.9739,10,-0.1991,-0.1994,1.6138,1.657,-0.642,-0.6431,0.0438,0.045,-0.8151,-0.8165,-0.4217,-0.433,0.6098,0.2222,1.371,1.854,2.2488,8.343,0.3047,1.1305,0.072,0.865,-0.156,0.0673,0.4571,0.302,NEUTRO
8217073,Inglaterra_3 League One,14934,1775224800,3143,266,Stockport County,Wycombe Wanderers,incomplete,0.0,0.0,0.0,0.0,0.0,1.63,1.36,1.89,1.0,2026-04-03 11:00,43.84357602167029,0.0590000000000003,0.2699999999999998,-0.0999999999999999,0.8899999999999999,-0.5999999999999999,0.3,10,10,1529.467404678798,1535.6238286571277,1.6510000000000002,1.592,0.4,0.5,1.3,1.9,0.7,0.6,0.4028971815748737,0.3333687101521944,0.5345793226328627,0.5182662687853002,0.7011121278497912,0.208248320700927,-1.0,-1.0,-1.0,-1.0,-1.0,-1.0,,,,,,,,,,,,,1495.99,0.9972,10,1521.9,1.0145,10,-0.3481,-0.3491,1.0957,1.08,0.2549,0.2556,0.8365,0.8245,-0.408,-0.4091,0.4991,0.492,,,1.44,1.777,,,,,-0.351,0.308,,,,,NEUTRO
8217074,Inglaterra_3 League One,14934,1775155500,221,255,Wigan Athletic,Leyton Orient,incomplete,2.02,3.25,3.45,0.0,0.0,1.27,1.3,1.58,1.0,2026-04-02 15:45,36.27511547797644,-0.0989999999999997,-0.03,-0.0999999999999999,0.5800000000000001,-0.3,0.3,10,10,1477.390052750804,1491.1149372728275,1.16,1.259,0.4,0.5,1.2,1.5,0.4,0.7,0.3606939330898926,0.3643651903396236,0.5406538341545204,0.5048783257178927,0.6974573841613766,0.2053333650670862,-0.2713982551584168,0.2570599066717016,-1.0,-1.0,-1.0,-1.0,-0.2713982551584168,2.02,0.0,0.2570599066717014,3.45,0.0,,,,,,,1502.08,1.0013,10,1506.54,1.0043,10,-0.4971,-0.4965,0.4048,0.4031,-1.1086,-1.1072,-0.1906,-0.1898,-0.408,-0.4075,0.4991,0.497,0.495,0.2899,1.184,1.404,2.3917,4.8424,0.3432,0.6949,0.04,0.241,-0.1344,0.0745,0.4365,0.5672,NEUTRO
8227315,Portugal_1 Primeira Liga,15115,1775226600,183,998595,Gil Vicente,AVS,incomplete,1.35,4.72,9.07,0.0,1.9,1.64,1.06,1.85,0.31,2026-04-03 11:30,225.3231137032276,0.353,0.5799999999999998,0.3,1.54,1.0,0.1,10,10,1521.5949487554378,1346.2718350522102,1.544,1.191,0.4,0.1,1.7,0.7,0.9,0.5,0.6774736522758733,0.1331989776617449,0.5376299342051495,0.5627747361763084,0.7269608714396103,0.2252826408590317,-0.0854105694275709,0.2081147273920267,-1.0,0.0692719987349859,0.3812256557352595,-1.0,-0.0854105694275709,1.35,0.0,0.2081147273920263,9.07,0.0,0.0692719987349859,1.9,0.0,,,,1505.76,1.004,10,1470.81,0.9807,10,0.248,0.247,-0.9769,-0.9961,-0.0422,-0.042,-0.4004,-0.4083,-0.408,-0.4064,-1.3425,-1.3689,0.7407,0.1103,1.638,0.896,2.2108,8.1303,0.1806,0.664,0.156,-0.491,-0.0633,0.0229,0.5535,0.364,NEUTRO
8227452,Portugal_1 Primeira Liga,15115,1775244600,114,1028,Sporting CP,Santa Clara,incomplete,1.24,6.1,14.5,0.0,1.85,2.24,1.3,2.58,0.85,2026-04-03 16:30,291.6458754523503,0.5169999999999997,0.9400000000000002,0.3999999999999999,1.73,1.2000000000000002,-0.5,10,10,1694.3482291145135,1452.7023536621634,1.7369999999999997,1.22,0.7,0.3,2.2,1.0,0.7,0.3,0.7854006966719139,0.0822688615109613,0.5379408632774112,0.6042128158539043,0.746588822574122,0.2377367147386191,-0.0261031361268267,0.1928984919089393,-1.0,0.117793709329723,0.3811893217621256,-1.0,-0.0261031361268267,1.24,0.0,0.1928984919089389,14.5,0.0,0.117793709329723,1.85,0.0,,,,1516.12,1.0109,10,1481.14,0.9876,10,0.993,0.9823,-0.4587,-0.4645,0.4938,0.4885,-0.3109,-0.3148,0.8135,0.8047,-0.4217,-0.427,0.8065,0.069,2.015,1.088,2.4984,15.776,0.139,0.8774,0.463,-0.22,-0.0211,0.0133,0.4644,0.5952,NEUTRO
8233493,Portugal_1 Primeira Liga,15115,1775235600,175,169,Vitória Guimarães,CD Tondela,incomplete,1.71,3.68,5.0,0.0,2.1,1.48,1.11,1.57,0.92,2026-04-03 14:00,100.12923492584105,0.5660000000000001,0.3699999999999999,0.1,0.65,0.4000000000000001,0.8999999999999999,10,10,1448.6410141607969,1398.5117792349556,1.574,1.008,0.2,0.1,1.1,0.7,0.6,0.3,0.513035346273738,0.2192268783584523,0.5215888999934529,0.4855338084894546,0.6877158911846328,0.1874022057074168,-0.1227095578719079,0.0961343917922614,-1.0,0.0196209978278547,0.4442033714877289,-1.0,-0.1227095578719079,1.71,0.0,0.0961343917922614,5.0,0.0,0.0196209978278547,2.1,0.0,,,,1528.03,1.0188,10,1451.25,0.9676,10,-0.6461,-0.6342,-0.9769,-1.0096,0.0411,0.0403,-0.9648,-0.9971,-1.2223,-1.1997,-1.3425,-1.3875,0.5848,0.2,1.29,0.823,2.2052,4.116,0.2579,0.4814,-0.474,-0.308,-0.0718,0.0192,0.4829,0.2642,NEUTRO
8409520,Brasileiro_A Serie A,16544,1775176200,635,612,Bragantino,Flamengo,incomplete,4.05,3.62,1.92,0.0,1.95,1.49,1.24,1.0,1.75,2026-04-02 21:30,-26.10913054916591,0.2453571428571426,0.25,-0.3214285714285714,-0.75,-1.1071428571428572,0.5357142857142857,8,7,1466.822172797216,1542.931303346382,1.6625,1.4171428571428577,0.25,0.5714285714285714,0.75,1.8571428571428568,0.25,0.5714285714285714,0.3397855064983409,0.3686735895185847,0.5234513957557672,0.4946285066366431,0.688108880318329,0.1756766612728182,0.3761313013182805,-0.2921467081243173,-1.0,-0.0354744120585459,0.3418123166207414,-1.0,0.3761313013182805,4.05,0.0,-0.2921467081243174,1.92,0.0,-0.0354744120585459,1.95,0.0,,,,1507.01,1.0046,8,1484.17,0.9894,7,-1.1676,-1.1623,1.0217,1.0326,0.2869,0.2856,0.2972,0.3004,-1.0187,-1.014,0.8279,0.8368,0.2469,0.5208,1.224,1.602,4.9592,3.0757,0.6378,0.3955,-0.913,0.44,0.0929,-0.1522,0.5919,0.1493,POTENCIAL_CASA
8409760,Brasileiro_A Serie A,16544,1775084400,613,610,Cruzeiro,Vitória,incomplete,1.67,3.6,5.4,0.0,2.05,1.44,0.85,0.75,0.33,2026-04-01 20:00,-3.724140497307417,0.1678571428571427,0.59,-0.4285714285714285,0.42,-0.1428571428571428,0.5714285714285714,8,7,1444.753990623866,1498.4781311211734,1.355,1.1871428571428573,0.0,0.4285714285714285,1.0,1.1428571428571428,0.625,0.2857142857142857,0.3984809913232143,0.3653999249083562,0.5342915307480864,0.5590457447257271,0.7281349291472291,0.2229033294562122,-0.3345367444902322,0.9731595945051236,-1.0,0.1460437766877405,0.4926766047518196,-1.0,-0.3345367444902322,1.67,0.0,0.9731595945051236,5.4,0.0,0.1460437766877405,2.05,0.0,,,,1491.5,0.9943,8,1495.4,0.9969,7,-0.7951,-0.7997,-0.212,-0.2127,-0.5671,-0.5704,-0.4123,-0.4136,-2.0366,-2.0483,0.1702,0.1707,0.5988,0.1852,1.185,1.169,1.9783,6.3101,0.2194,0.6997,-0.355,-0.044,-0.2003,0.1802,0.2262,0.7555,FALSO_FAVORITO_CASA
8409761,Brasileiro_A Serie A,16544,1775082600,615,2721,Botafogo,Mirassol,incomplete,2.09,3.22,3.84,0.0,0.0,0.89,1.32,1.5,0.33,2026-04-01 19:30,64.09850403655992,-0.9047619047619044,-0.43,0.1904761904761904,1.17,0.523809523809524,0.5714285714285714,6,7,1477.8337074348606,1463.7352033983009,0.8566666666666668,1.7614285714285711,0.3333333333333333,0.1428571428571428,1.6666666666666667,1.1428571428571428,0.8333333333333334,0.5714285714285714,0.2990732988355794,0.4590222690534485,0.5708461568212356,0.5660908747227559,0.7272641841015304,0.2239360613538113,-0.374936805433639,0.7626455131652423,-1.0,-1.0,-1.0,-1.0,-0.374936805433639,2.09,0.0,0.7626455131652421,3.84,0.0,,,,,,,1508.55,1.0057,6,1497.77,0.9985,7,0.1983,0.1972,-0.212,-0.2123,-1.9509,-1.9398,1.3591,1.3611,-0.6794,-0.6755,-1.1452,-1.1469,0.4785,0.2604,1.148,1.502,2.3999,5.7663,0.299,0.7185,0.81,-0.619,-0.1794,0.1986,0.3469,0.6187,POTENCIAL_FORA
8409766,Brasileiro_A Serie A,16544,1775167200,623,620,Chapecoense,Atlético Mineiro,incomplete,3.07,3.2,2.4,0.0,2.1,1.33,1.24,1.5,0.0,2026-04-02 19:00,54.01184055987778,-0.2287499999999998,0.09,-0.1071428571428571,1.5,0.2857142857142858,0.1964285714285714,7,8,1479.907758757388,1475.89591819751,1.06,1.2887499999999998,0.1428571428571428,0.25,1.2857142857142858,1.0,0.2857142857142857,0.375,0.3865492361694698,0.3726122922746747,0.550287000019628,0.5411234928089244,0.7200598169928302,0.2391103399865835,0.1867061550402724,-0.1057304985407807,-1.0,0.1363593348987413,0.5121256156849434,-1.0,0.1867061550402722,3.07,0.0,-0.1057304985407807,2.4,0.0,0.1363593348987413,2.1,0.0,,,,1496.36,0.9976,7,1511.59,1.0077,8,-0.3694,-0.3703,-0.4587,-0.4552,-1.3863,-1.3896,-0.0989,-0.0981,-1.455,-1.4585,-0.6519,-0.6469,0.3257,0.4167,1.155,1.15,3.5452,2.7604,0.4812,0.3746,0.226,-0.289,0.0608,-0.0441,0.7097,0.4194,VALOR_REAL_CASA
8409768,Brasileiro_A Serie A,16544,1775086200,627,625,Coritiba,Vasco da Gama,incomplete,2.36,3.24,3.25,0.0,2.1,1.07,1.43,1.0,0.33,2026-04-01 20:30,63.938574943731965,-0.85625,-0.3599999999999999,0.125,0.6699999999999999,-0.5,-0.625,8,8,1520.1776359822957,1506.2390610385637,1.015,1.87125,0.5,0.375,1.125,1.625,0.25,0.75,0.3201937592526342,0.416841419738917,0.5682018450346715,0.5662311081367152,0.7236952606485765,0.2190645846287503,-0.2443427281637832,0.3547346141514804,-1.0,0.189085327087102,0.5197600473620108,-1.0,-0.2443427281637833,2.36,0.0,0.3547346141514802,3.25,0.0,0.189085327087102,2.1,0.0,,,,1502.2,1.0014,8,1510.69,1.0071,8,-0.6089,-0.608,0.6207,0.6163,-1.5112,-1.5091,1.6979,1.6859,-0.0008,-0.0008,-0.0764,-0.0759,0.4237,0.3077,1.068,1.753,2.52,5.6974,0.3286,0.7428,0.11,-0.246,-0.1035,0.1091,0.4276,0.595,POTENCIAL_FORA
8409769,Brasileiro_A Serie A,16544,1775084400,626,622,Bahia,Atlético PR,incomplete,1.98,3.38,3.94,0.0,0.0,1.76,1.03,1.67,1.33,2026-04-01 20:00,59.137086458373005,0.1142857142857145,0.73,0.0,0.3399999999999998,-0.1428571428571428,0.0,7,7,1536.1344613503115,1526.9973748919383,1.3000000000000005,1.1857142857142855,0.5714285714285714,0.5714285714285714,1.2857142857142858,1.4285714285714286,0.2857142857142857,0.4285714285714285,0.4810415061205586,0.2781342584101593,0.53996539315897,0.5987692815357362,0.7404111816148281,0.2069660204303894,-0.0475378178812939,0.0958489781360276,-1.0,-1.0,-1.0,-1.0,-0.0475378178812939,1.98,0.0,0.0958489781360276,3.94,0.0,,,,,,,1477.61,0.9851,7,1505.33,1.0035,7,-0.3694,-0.375,0.2815,0.2805,-0.7198,-0.7307,-0.4167,-0.4152,0.29,0.2944,0.8279,0.825,0.5051,0.2538,1.294,1.288,2.5621,5.0736,0.3284,0.6504,-0.014,0.243,-0.024,0.0243,0.483,0.5484,NEUTRO
8409773,Brasileiro_A Serie A,16544,1775176200,619,616,Palmeiras,Grêmio,incomplete,1.52,4.12,6.68,0.0,1.8,1.66,1.06,3.0,0.25,2026-04-02 21:30,119.81320014887774,0.0137500000000001,0.5999999999999999,0.375,2.75,0.5,-0.5,8,8,1570.652434095454,1500.8392339465763,1.37875,1.3649999999999998,0.75,0.375,2.125,1.625,0.75,0.5,0.5216074453097304,0.2656992207467678,0.5499791649255436,0.5812998289082096,0.7347073810175415,0.2452360746782331,-0.2071566831292098,0.7748707945884086,-1.0,0.0463396920347773,0.3224732858315748,-1.0,-0.2071566831292098,1.52,0.0,0.7748707945884086,6.68,0.0,0.0463396920347773,1.8,0.0,,,,1504.0,1.0026,8,1500.09,1.0,8,0.8812,0.8789,0.6207,0.6207,-0.5011,-0.4998,0.1363,0.1363,1.0171,1.0145,-0.0764,-0.0764,0.6579,0.1497,1.737,1.49,2.6402,9.9519,0.26,0.9801,0.746,0.26,-0.1363,0.116,0.2866,0.7578,FALSO_FAVORITO_CASA
8409774,Brasileiro_A Serie A,16544,1775167200,611,2594,Santos,Remo,incomplete,1.52,4.2,6.2,0.0,0.0,1.16,1.22,1.25,0.25,2026-04-02 19:00,55.16172880618387,-0.1425,-0.06,0.0,1.0,0.0,-0.25,8,8,1468.9259848542938,1463.76425604811,1.235,1.3775,0.125,0.125,1.25,1.25,0.625,0.5,0.3826757386905399,0.3468073338243905,0.5469373566029249,0.5120373976491966,0.703882422340454,0.2174982267893639,-0.4183328771903793,1.1502054697112212,-1.0,-1.0,-1.0,-1.0,-0.4183328771903793,1.52,0.0,1.1502054697112212,6.2,0.0,,,,,,,1479.02,0.986,8,1515.93,1.0106,8,-0.4226,-0.4286,-0.0269,-0.0266,-0.9003,-0.9131,0.1749,0.1731,-1.5277,-1.5494,-1.2274,-1.2145,0.6579,0.1613,1.242,1.316,1.8881,8.1611,0.2004,0.866,0.015,-0.127,-0.2752,0.1855,0.2952,0.89,FALSO_FAVORITO_CASA
8409775,Brasileiro_A Serie A,16544,1775089800,617,624,Fluminense,Corinthians,incomplete,1.88,3.44,4.36,0.0,2.05,1.65,0.87,3.0,1.5,2026-04-01 21:30,88.68738237020852,0.58375,0.7799999999999999,0.375,1.5,0.75,0.25,8,8,1540.2915466612956,1501.604164291087,1.65875,1.075,0.625,0.25,1.625,0.875,0.5,0.125,0.5377075137501756,0.2258820221047004,0.5296048546322255,0.5433374258507114,0.7165223506365832,0.1987693756960192,0.01089012585033,-0.0151543836235059,-1.0,0.1138417229939583,0.4688708188049955,-1.0,0.01089012585033,1.88,0.0,-0.0151543836235061,4.36,0.0,0.1138417229939583,2.05,0.0,,,,1497.9,0.9986,8,1507.21,1.0048,8,0.1362,0.1364,-0.6746,-0.6714,0.2765,0.2769,-0.7582,-0.7546,0.5081,0.5088,-0.6519,-0.6488,0.5319,0.2294,1.643,0.979,3.088,4.2684,0.3767,0.5207,-0.034,-0.2,0.0058,-0.0035,0.6765,0.4514,NEUTRO
8409829,Brasileiro_A Serie A,16544,1775082600,630,618,Internacional,São Paulo,incomplete,2.54,3.24,2.91,0.0,2.25,1.91,0.95,0.75,1.75,2026-04-01 19:30,-9.376149371589008,0.5700000000000001,0.96,-0.375,-1.0,-0.375,0.5,8,8,1477.319755895894,1536.6959052674829,1.7475,1.1775,0.25,0.625,0.875,1.25,0.25,0.25,0.4609578662314131,0.2826616733312159,0.5212252131207457,0.5741683139900305,0.7314252009998748,0.1856007973598895,0.1708329802277892,-0.1774545306061615,-1.0,0.2918787064775687,0.6457067022497185,-1.0,0.1708329802277892,2.54,0.0,-0.1774545306061616,2.91,0.0,0.2918787064775687,2.25,0.0,,,,1496.27,0.9975,8,1508.43,1.0056,8,-0.9814,-0.9839,-0.0269,-0.0268,0.5229,0.5242,-0.442,-0.4395,-1.0187,-1.0213,1.0746,1.0686,0.3937,0.3436,1.329,1.212,3.3749,3.5278,0.4566,0.4773,-0.872,0.073,0.0673,-0.061,0.4843,0.5239,NEUTRO
8409849,Brasileiro_A Serie A,16544,1774823400,622,615,Atlético PR,Botafogo,incomplete,2.5,3.38,2.89,1.85,2.0,1.3,0.86,2.25,0.75,2026-03-29 19:30,99.16366745707796,0.3290476190476189,0.44,0.238095238095238,1.5,-0.2380952380952381,-1.0,7,6,1526.9973748919383,1477.8337074348606,1.1857142857142855,0.8566666666666668,0.5714285714285714,0.3333333333333333,1.4285714285714286,1.6666666666666667,0.4285714285714285,0.8333333333333334,0.5151411914794127,0.2312813700262357,0.5354937902712974,0.5191787650474352,0.7035700117629818,0.2123208422868263,0.2878529786985317,-0.3315968406241786,-0.0093364879980997,0.0383575300948704,0.4071400235259637,-0.6072064417693712,0.2878529786985317,2.5,0.0,-0.3315968406241788,2.89,0.0,0.0383575300948704,2.0,0.0,-0.0093364879980997,1.85,0.0,1505.33,1.0035,7,1508.55,1.0057,6,-0.1565,-0.156,0.6927,0.6888,-1.0372,-1.0336,-1.4316,-1.4235,0.29,0.289,-0.2683,-0.2668,0.4,0.346,1.288,1.148,3.2193,3.3185,0.4456,0.4593,0.243,0.81,0.1151,-0.1147,0.7554,0.2474,VALOR_REAL_CASA
8418997,Argentina_1 Liga Profesional,16571,1775239200,5445,699,Gimnasia Mendoza,Vélez Sarsfield,incomplete,0.0,0.0,0.0,0.0,0.0,1.22,1.32,0.82,2.0,2026-04-03 15:00,-77.1182065682824,-0.1519999999999997,-0.1,-0.4,-1.1800000000000002,-0.6000000000000001,0.7000000000000001,10,10,1439.276714539491,1566.3949211077734,1.2130000000000003,1.365,0.1,0.5,0.5,1.1,0.3,0.2,0.2430017441666709,0.4941165136396451,0.5384464318343062,0.5077376115457544,0.700162013848271,0.1790065164652476,-1.0,-1.0,-1.0,-1.0,-1.0,-1.0,,,,,,,,,,,,,1478.08,0.9852,10,1518.88,1.0124,10,-1.5402,-1.5633,-0.286,-0.2825,-0.9614,-0.9758,0.1363,0.1346,-1.6295,-1.654,0.4991,0.493,,,0.785,1.206,,,,,-0.713,-0.265,,,,,NEUTRO
8419004,Argentina_1 Liga Profesional,16571,1775247300,698,754,Unión Santa Fe,Deportivo Riestra,incomplete,0.0,0.0,0.0,0.0,0.0,1.72,1.31,1.45,0.64,2026-04-03 17:15,116.4503922813076,0.3570000000000002,0.4099999999999999,0.4,0.8099999999999999,1.3,0.6,10,10,1516.2068807557791,1449.7564884744716,1.7260000000000002,1.369,0.4,0.0,1.6,0.3,0.5,0.0,0.5255909433760239,0.2198950710005347,0.5374092945115289,0.540028023840967,0.7171848632602021,0.1911949441489604,-1.0,-1.0,-1.0,-1.0,-1.0,-1.0,,,,,,,,,,,,,1506.37,1.0041,10,1499.13,0.9992,10,0.0989,0.0985,-1.6677,-1.669,0.4632,0.4613,0.1487,0.1488,-0.408,-0.4063,-1.8029,-1.8043,,,1.65,0.728,,,,,-0.126,-1.069,,,,,NEUTRO
8419006,Argentina_1 Liga Profesional,16571,1775084400,704,749,Lanús,Platense,incomplete,0.0,0.0,0.0,0.0,0.0,1.3,1.29,1.64,1.27,2026-04-01 20:00,89.77704255703088,-0.016,0.01,0.1,0.3699999999999999,0.7999999999999999,0.5,10,10,1531.8889451299867,1492.1119025729558,1.267,1.283,0.4,0.3,1.4,0.6,0.5,0.2,0.4379342754038038,0.2855110187414727,0.5447449273833647,0.5268778530623403,0.7122223719834667,0.2012736462183194,-1.0,-1.0,-1.0,-1.0,-1.0,-1.0,,,,,,,,,,,,,1512.14,1.0079,10,1498.46,0.9988,10,-0.1991,-0.1975,-1.1496,-1.151,-0.8114,-0.805,-0.1166,-0.1167,-0.408,-0.4048,-0.4217,-0.4222,,,1.347,0.873,,,,,0.133,-0.683,,,,,NEUTRO
8419018,Argentina_1 Liga Profesional,16571,1775161800,695,746,Tigre,Independiente Rivadavia,incomplete,0.0,0.0,0.0,0.0,0.0,1.55,1.6,1.55,2.09,2026-04-02 17:30,3.935974479001743,-0.0349999999999999,-0.05,-0.3,-0.5399999999999998,-0.2000000000000001,-0.1,10,10,1512.353837127171,1558.417862648169,1.586,1.621,0.3,0.6,1.4,1.6,0.4,0.5,0.3467282157767913,0.3670889697202278,0.541045916914849,0.5104214466446682,0.705331223848815,0.1989425429881041,-1.0,-1.0,-1.0,-1.0,-1.0,-1.0,,,,,,,,,,,,,1495.39,0.9967,10,1512.21,1.008,10,-0.1991,-0.1998,0.5775,0.5729,0.0744,0.0746,0.926,0.9187,-0.8151,-0.8178,0.9595,0.9519,,,1.474,1.608,,,,,-0.186,-0.021,,,,,NEUTRO
8419024,Argentina_1 Liga Profesional,16571,1775152800,750,721,Barracas Central,Sarmiento,incomplete,0.0,0.0,0.0,0.0,0.0,1.18,1.28,1.45,1.18,2026-04-02 15:00,101.01502155986964,-0.1709999999999998,-0.1,0.0,0.27,0.1999999999999999,-0.1999999999999999,10,10,1524.1470461971323,1473.1320246372627,1.186,1.3569999999999998,0.4,0.4,1.0,0.8,0.3,0.3,0.4404764901636626,0.2795365075839482,0.5484506187369258,0.528102639989335,0.711557659816929,0.2103371162196496,-1.0,-1.0,-1.0,-1.0,-1.0,-1.0,,,,,,,,,,,,,1502.85,1.0017,10,1491.98,0.9945,10,-0.7951,-0.7938,-0.8041,-0.8085,-1.0364,-1.0346,0.1117,0.1123,-0.408,-0.4073,0.0387,0.0389,,,1.074,1.023,,,,,-0.186,-0.557,,,,,NEUTRO
8419026,Argentina_1 Liga Profesional,16571,1775172600,700,705,Talleres Córdoba,Boca Juniors,incomplete,0.0,0.0,0.0,0.0,0.0,1.37,1.4,1.64,1.55,2026-04-02 20:30,62.35195615867656,-0.0299999999999998,-0.0299999999999998,0.1,0.0899999999999998,-0.1999999999999999,0.2,10,10,1536.683312388864,1524.3313562301876,1.317,1.3469999999999998,0.4,0.3,1.0,1.2,0.4,0.3,0.3950338007174631,0.3103401092604104,0.539621294924265,0.5077877023451532,0.6960495171444033,0.1860570955983524,-1.0,-1.0,-1.0,-1.0,-1.0,-1.0,,,,,,,,,,,,,1510.51,1.0068,10,1502.11,1.0012,10,-0.7951,-0.7897,-0.1133,-0.1132,-0.6726,-0.6681,0.0808,0.0807,-0.408,-0.4052,-0.4217,-0.4212,,,1.127,1.259,,,,,-0.317,-0.147,,,,,NEUTRO
8419120,Argentina_1 Liga Profesional,16571,1774976400,696,725,Aldosivi,Argentinos Juniors,incomplete,5.1,3.42,1.76,2.28,2.38,1.27,1.86,0.5,1.7,2026-03-31 14:00,-56.18624420884703,-0.5940000000000003,-0.5900000000000001,-0.4,-1.2,-0.5,0.6000000000000001,10,10,1431.7845508137846,1537.9707950226316,1.273,1.867,0.0,0.4,0.3,0.8,0.1,0.2,0.2087923743376291,0.5362909755020975,0.5520546195480631,0.5010559742006956,0.6980839783178366,0.1873544869873907,0.0648411091219085,-0.0561278831163084,0.2586845325695839,0.1925132185976554,0.6614398683964511,-0.5728317696687492,0.0648411091219083,5.1,0.0,-0.0561278831163084,1.76,0.0,0.1925132185976554,2.38,0.0,0.2586845325695839,2.28,0.0,1481.06,0.9872,10,1514.65,1.0096,10,-1.8382,-1.862,-0.8041,-0.7965,-0.7948,-0.8051,1.6848,1.6688,-2.0366,-2.063,0.0387,0.0383,0.1961,0.5682,0.689,1.227,3.5149,2.1592,0.3916,0.2405,-0.973,-1.067,0.0127,-0.0319,0.3277,0.2955,FALSO_FAVORITO_FORA
8432413,Chile_1 Primera Division,16615,1775163600,2194,2193,Universidad Católica,Palestino,incomplete,0.0,0.0,0.0,0.0,0.0,1.32,1.33,2.33,0.0,2026-04-02 18:00,80.00133389012535,-0.1657142857142857,-0.01,0.1428571428571428,2.33,0.2857142857142858,-0.1428571428571428,7,7,1514.208579389564,1484.2072454994386,1.3457142857142856,1.5114285714285711,0.4285714285714285,0.2857142857142857,1.8571428571428568,1.5714285714285714,0.7142857142857143,0.5714285714285714,0.4028540909449293,0.3484912987438402,0.549522343827407,0.510788703085095,0.7036533611043005,0.2388848301974984,-1.0,-1.0,-1.0,-1.0,-1.0,-1.0,,,,,,,,,,,,,1497.91,0.9986,7,1495.71,0.9971,7,0.4821,0.4828,0.5282,0.5297,-0.5929,-0.5937,0.588,0.5897,-0.2916,-0.292,-0.4875,-0.4889,,,1.561,1.537,,,,,0.511,0.06,,,,,NEUTRO
8432414,Chile_1 Primera Division,16615,1775248200,2210,2197,Coquimbo Unido,Cobresal,incomplete,1.45,4.1,7.15,0.0,1.72,1.67,0.84,1.0,0.33,2026-04-03 17:30,71.14074169360515,0.0342857142857142,0.83,0.1428571428571428,0.6699999999999999,-0.2857142857142858,-1.1428571428571428,7,7,1484.8489206221966,1463.7081789285917,1.4242857142857144,1.39,0.4285714285714285,0.2857142857142857,1.1428571428571428,1.4285714285714286,0.4285714285714285,0.5714285714285714,0.5100695616964996,0.2605534378854351,0.5481676468553375,0.6259339710708474,0.7531629823552853,0.2181195918594375,-0.2603991355400755,0.8629570808808611,-1.0,0.0766064302418574,0.2954403296510908,-1.0,-0.2603991355400755,1.45,0.0,0.8629570808808611,7.15,0.0,0.0766064302418574,1.72,0.0,,,,1495.5,0.997,7,1495.72,0.9971,7,-0.5822,-0.584,0.2815,0.2823,-0.3747,-0.3758,0.2134,0.214,-0.2916,-0.2925,-0.4875,-0.4889,0.6897,0.1399,1.306,1.406,1.8938,10.0543,0.1827,0.9698,-0.281,0.039,-0.1796,0.1207,0.3137,0.8489,FALSO_FAVORITO_CASA
8432017,Colombia_1 Liga BetPlay,16614,1775179800,2135,2137,Once Caldas,Independiente Medellín,incomplete,2.08,3.55,3.21,0.0,0.0,1.56,1.53,1.77,1.08,2026-04-02 22:30,119.0232326089997,-0.0389999999999999,0.03,0.2,0.69,0.5,0.0999999999999998,10,10,1548.928928735504,1479.9056961265042,1.574,1.613,0.5,0.3,2.0,1.5,0.6,0.7,0.4725305449812071,0.2551118333847725,0.5454250311159456,0.5286386187677174,0.7100981163884843,0.2043012323874757,-0.017136466439089,-0.1810910148348803,-1.0,-1.0,-1.0,-1.0,-0.0171364664390891,2.08,0.0,-0.1810910148348803,3.21,0.0,,,,,,,1512.77,1.008,10,1490.21,0.993,10,0.695,0.6895,0.4048,0.4077,0.0411,0.0408,0.9013,0.9077,-0.0008,-0.0008,-0.4217,-0.4247,0.4808,0.3115,1.83,1.545,3.8056,4.9601,0.57,0.7429,0.426,-0.113,-0.0082,-0.0564,0.6023,0.4257,NEUTRO
8432018,Colombia_1 Liga BetPlay,16614,1775086200,2133,2159,Santa Fe,Llaneros,incomplete,1.66,3.6,5.16,0.0,0.0,1.45,1.1,1.25,1.23,2026-04-01 20:30,53.41431323152801,0.2099999999999999,0.3499999999999998,0.0999999999999999,0.02,0.1999999999999999,0.1999999999999999,10,10,1500.3583073289085,1496.9439940973805,1.383,1.173,0.3,0.2,1.2,1.0,0.5,0.3,0.441315245636637,0.2824132478290552,0.5363363766777697,0.5388198482756731,0.7139200298960509,0.1872973530300808,-0.2674166922431825,0.4572523587979251,-1.0,-1.0,-1.0,-1.0,-0.2674166922431826,1.66,0.0,0.4572523587979249,5.16,0.0,,,,,,,1496.54,0.9972,10,1505.75,1.0033,10,-0.4971,-0.4985,-0.4587,-0.4572,-0.4893,-0.4907,-0.4559,-0.4544,-0.8151,-0.8174,-0.8821,-0.8792,0.6024,0.1938,1.273,1.069,2.1135,5.5171,0.2467,0.6441,-0.183,-0.173,-0.1611,0.0886,0.3619,0.6369,POTENCIAL_FORA
8432019,Colombia_1 Liga BetPlay,16614,1775077800,2146,2143,Alianza Petrolera,Deportivo Pasto,incomplete,2.75,2.99,2.62,0.0,0.0,1.12,1.39,0.92,2.08,2026-04-01 18:10,-51.33651293459775,-0.2470000000000001,-0.2699999999999998,-0.3,-1.16,-0.8,0.3,10,10,1471.306041268961,1572.6425542035588,1.2,1.447,0.2,0.5,0.7,1.5,0.3,0.5,0.2503838227999654,0.4690212461858178,0.5413479978176844,0.4969944036907979,0.6928553156514407,0.1768756336218198,-0.311444487300095,0.2288356650068428,-1.0,-1.0,-1.0,-1.0,-0.3114444873000951,2.75,0.0,0.2288356650068426,2.62,0.0,,,,,,,1491.72,0.994,10,1498.28,0.9983,10,-1.2421,-1.2496,0.4048,0.4055,-0.9975,-1.0035,0.3893,0.39,-1.2223,-1.2297,0.4991,0.4999,0.3636,0.3817,0.9,1.479,2.475,3.8745,0.3435,0.5377,-0.5,0.053,-0.1133,0.0873,0.1565,0.5419,POTENCIAL_FORA
8432020,Colombia_1 Liga BetPlay,16614,1774920000,2136,2152,Millonarios,Fortaleza CEIF,incomplete,1.54,3.82,6.14,2.05,2.0,1.56,1.28,1.54,1.08,2026-03-30 22:20,105.96503875650568,0.415,0.28,0.3999999999999999,0.4599999999999999,0.8,-1.1,10,10,1526.3123524725386,1470.3473137160329,1.637,1.222,0.6,0.2,2.0,1.2,0.6,0.6,0.5279881091702558,0.2020513921763216,0.5398844661833061,0.5194690479200684,0.709650309594553,0.1910879856660285,-0.1868983118778059,0.2405955479626145,0.1067631556757773,0.0389380958401368,0.419300619189106,-0.6082696293846415,-0.1868983118778059,1.54,0.0,0.2405955479626145,6.14,0.0,0.0389380958401368,2.0,0.0,0.1067631556757773,2.05,0.0,1510.54,1.0065,10,1513.87,1.0087,10,0.695,0.6905,-0.1133,-0.1123,0.2161,0.2147,-0.3048,-0.3022,0.4064,0.4038,-0.8821,-0.8745,0.6494,0.1629,1.855,1.209,2.8564,7.422,0.3021,0.7849,0.363,-0.022,-0.1214,0.0392,0.4484,0.755,VALOR_REAL_FORA
8432021,Colombia_1 Liga BetPlay,16614,1774912200,2137,2141,Independiente Medellín,América de Cali,incomplete,2.0,3.45,3.53,1.84,2.1,1.53,1.62,1.08,1.75,2026-03-30 20:10,-8.712333821860966,-0.1269999999999997,-0.09,-0.1,-0.6699999999999999,0.3,0.5,10,10,1479.9056961265042,1538.6180299483651,1.613,1.7399999999999998,0.3,0.4,1.5,1.2,0.7,0.4,0.3133597399135947,0.4037523674686051,0.5450110030330492,0.523724003795664,0.7105706926126456,0.1846390066242404,-0.3732805201728105,0.4252458571641762,0.0028202455808106,0.0998204079708944,0.4921984544865558,-0.6602642278113976,-0.3732805201728105,2.0,0.0,0.4252458571641759,3.53,0.0,0.0998204079708944,2.1,0.0,0.0028202455808106,1.84,0.0,1490.21,0.993,10,1508.69,1.0053,10,-0.0501,-0.0505,-0.1133,-0.1127,0.1494,0.1505,1.293,1.2862,-0.8151,-0.8208,0.0387,0.0385,0.5,0.2833,1.545,1.416,3.0904,4.9985,0.4377,0.708,-0.113,-0.54,-0.1866,0.1205,0.4731,0.5988,POTENCIAL_FORA
8432022,Colombia_1 Liga BetPlay,16614,1774826400,2143,2142,Deportivo Pasto,Atlético Nacional,incomplete,3.5,3.3,2.05,1.82,2.12,1.39,1.66,2.08,2.25,2026-03-29 20:20,45.68456058461493,-0.0430000000000001,-0.27,-0.1999999999999999,-0.1699999999999999,-0.5,0.5,10,10,1572.6425542035588,1576.957993618944,1.447,1.4900000000000002,0.5,0.7,1.5,2.0,0.5,0.7,0.3569463864717518,0.3391209320055685,0.5347291983333113,0.4671595309908859,0.6777744253153412,0.1901901320264036,0.2493123526511313,-0.3048020893885845,-0.0267928590333733,-0.0096217942993217,0.4368817816685233,-0.6538539597119453,0.2493123526511313,3.5,0.0,-0.3048020893885846,2.05,0.0,-0.0096217942993217,2.12,0.0,-0.0267928590333733,1.82,0.0,1498.28,0.9983,10,1510.73,1.0066,10,-0.0501,-0.0502,1.2684,1.2601,-0.3116,-0.3121,0.5219,0.5185,-0.0008,-0.0008,1.4199,1.4106,0.2857,0.4878,1.479,1.796,5.1758,3.6818,0.7214,0.5131,0.053,0.51,0.0712,-0.1487,0.8798,0.2096,VALOR_REAL_CASA
8432023,Colombia_1 Liga BetPlay,16614,1774747200,2132,2161,Deportivo Cali,Deportivo Pereira,incomplete,1.33,4.33,7.75,2.35,1.93,1.27,0.95,1.23,0.5,2026-03-28 22:20,106.64175350571986,0.3509999999999998,0.32,0.3,0.73,-0.1999999999999999,-1.4,10,10,1482.98021873751,1426.3384652317902,1.329,0.978,0.3,0.0,1.0,1.2,0.2,0.7,0.5244357822919696,0.2066669217045672,0.5364536255744483,0.5136873130586237,0.7011803296647993,0.1968216578906337,-0.3025004095516803,0.6016686432103961,0.2606660200999535,-0.0085834857968563,0.3532780362530625,-0.5374691039570106,-0.3025004095516803,1.33,0.0,0.6016686432103959,7.75,0.0,-0.0085834857968563,1.93,0.0,0.2606660200999535,2.35,0.0,1491.12,0.9936,10,1498.87,0.9987,10,-0.7951,-0.8002,-0.1133,-0.1134,-0.6393,-0.6434,-1.0574,-1.0588,-0.8151,-0.8204,-1.8029,-1.8052,0.7519,0.129,1.132,1.111,1.505,8.6118,0.146,0.8355,-0.329,0.222,-0.2274,0.0776,0.2227,0.7781,FALSO_FAVORITO_CASA
8432024,Colombia_1 Liga BetPlay,16614,1774660200,2139,2133,Atlético Bucaramanga,Santa Fe,incomplete,1.8,3.25,4.44,2.06,2.35,1.32,1.45,1.58,1.25,2026-03-27 22:10,84.60679669845649,-0.1600000000000001,-0.1299999999999999,0.0,0.33,0.1,-0.7000000000000001,10,10,1534.9651040273648,1500.3583073289085,1.223,1.383,0.3,0.3,1.3,1.2,0.4,0.5,0.4241107228619744,0.292504053837769,0.5498893169310138,0.5214730316116611,0.7098074496135334,0.2129289517306817,-0.236600698848446,0.2987179990396946,0.1327719928778885,0.2254616242874036,0.6680475065918035,-0.5613663594347955,-0.2366006988484461,1.8,0.0,0.2987179990396944,4.44,0.0,0.2254616242874036,2.35,0.0,0.1327719928778885,2.06,0.0,1511.11,1.0069,10,1496.54,0.9972,10,-0.3481,-0.3457,-0.1133,-0.1136,-0.9336,-0.9272,0.1919,0.1924,-0.8151,-0.8095,-0.4217,-0.4229,0.5556,0.2252,1.269,1.273,2.2846,5.653,0.2859,0.7073,0.077,-0.183,-0.1314,0.0673,0.4996,0.6208,NEUTRO
8432108,Colombia_1 Liga BetPlay,16614,1775172000,2150,2136,Jaguares de Córdoba,Millonarios,incomplete,4.25,3.36,1.85,0.0,0.0,0.99,1.56,0.85,1.54,2026-04-02 20:20,-54.56656714491419,-0.6219999999999999,-0.5700000000000001,-0.3999999999999999,-0.6900000000000001,-1.3,1.1,10,10,1421.7457853276244,1526.3123524725386,1.015,1.637,0.2,0.6,0.7,2.0,0.5,0.6,0.19677056772857,0.5583427814410891,0.5448403355197706,0.4820431310451221,0.6803033414836859,0.1841643867874626,-0.1637250871535771,0.0329341456660148,-1.0,-1.0,-1.0,-1.0,-0.1637250871535776,4.25,0.0,0.0329341456660148,1.85,0.0,,,,,,,1481.85,0.9874,10,1510.54,1.0065,10,-1.2421,-1.258,1.2684,1.2602,-1.5112,-1.5305,0.9753,0.969,-1.2223,-1.2379,0.9595,0.9533,0.2353,0.5405,0.826,1.855,3.5105,3.4314,0.4465,0.4364,-0.315,0.363,-0.0385,0.0178,0.3026,0.3163,NEUTRO
8432111,Colombia_1 Liga BetPlay,16614,1775156400,2151,2161,Boyacá Chicó,Deportivo Pereira,incomplete,2.01,3.2,3.79,0.0,0.0,0.86,0.95,0.67,0.5,2026-04-02 16:00,57.45994839672585,-0.1730000000000001,-0.0899999999999999,0.2,0.17,-0.1999999999999999,-0.7000000000000002,10,10,1433.798413628516,1426.3384652317902,0.8049999999999999,0.978,0.2,0.0,1.0,1.2,0.5,0.7,0.3838770988393923,0.3221467308032695,0.5490124793531258,0.5241123048142028,0.7056307971887628,0.1920557937342633,-0.2284070313328216,0.2209361097443913,-1.0,-1.0,-1.0,-1.0,-0.2284070313328216,2.01,0.0,0.2209361097443913,3.79,0.0,,,,,,,1519.65,1.0126,10,1498.87,0.9987,10,-0.7951,-0.7852,-0.1133,-0.1134,-2.0944,-2.0683,-1.0574,-1.0588,-1.2223,-1.2071,-1.8029,-1.8052,0.4975,0.2639,0.922,1.111,1.8532,4.2114,0.2433,0.5528,0.195,0.222,-0.1136,0.0583,0.4128,0.561,NEUTRO
8432112,Colombia_1 Liga BetPlay,16614,1775093400,2142,2153,Atlético Nacional,Cúcuta Deportivo,incomplete,1.18,6.5,13.9,0.0,0.0,1.66,1.07,2.25,0.62,2026-04-01 22:30,198.4019046018445,0.328,0.5899999999999999,0.6,1.63,0.6000000000000001,-1.3,10,10,1576.957993618944,1428.556089017099,1.4900000000000002,1.162,0.7,0.1,2.0,1.4,0.7,0.6,0.6513420714511261,0.1421489386769594,0.5435853939227355,0.5674998005250029,0.726695772709391,0.2136993087359961,-0.2314163556876712,0.9758702476097358,-1.0,-1.0,-1.0,-1.0,-0.2314163556876712,1.18,0.0,0.9758702476097358,13.9,0.0,,,,,,,1510.73,1.0066,10,1485.26,0.9897,10,0.695,0.6904,0.2321,0.2345,-0.1922,-0.1909,-0.4898,-0.4949,0.8135,0.8082,-1.3425,-1.3565,0.8475,0.0719,1.796,1.305,2.1193,18.1367,0.1292,1.1058,0.51,0.238,-0.1961,0.0702,0.3415,0.7699,FALSO_FAVORITO_CASA
8432113,Colombia_1 Liga BetPlay,16614,1775164200,2141,2139,América de Cali,Atlético Bucaramanga,incomplete,1.9,3.34,4.05,0.0,0.0,1.62,1.32,1.75,1.58,2026-04-02 18:10,53.65292592100036,0.5169999999999999,0.3,0.1,0.1699999999999999,-0.1,0.2,10,10,1538.6180299483651,1534.9651040273648,1.7399999999999998,1.223,0.4,0.3,1.2,1.3,0.4,0.4,0.452750868564086,0.2557271375668604,0.5233200168666347,0.4803700646016058,0.6839097839137185,0.17729899590715,-0.1397733497282367,0.0356949071457846,-1.0,-1.0,-1.0,-1.0,-0.1397733497282367,1.9,0.0,0.0356949071457846,4.05,0.0,,,,,,,1508.69,1.0053,10,1511.11,1.0069,10,-0.4971,-0.4945,0.0594,0.059,0.5021,0.4995,-0.3017,-0.2996,-0.408,-0.4058,-0.4217,-0.4188,0.5263,0.2469,1.416,1.269,2.6904,5.1403,0.3496,0.668,-0.54,0.077,-0.0736,0.0088,0.4484,0.6283,NEUTRO
8432114,Colombia_1 Liga BetPlay,16614,1774834200,2159,2135,Llaneros,Once Caldas,incomplete,2.75,3.25,2.45,1.75,2.02,1.1,1.56,1.23,1.77,2026-03-29 22:30,-1.9849346381236048,-0.401,-0.4599999999999999,-0.3,-0.54,-1.0,-0.2999999999999998,10,10,1496.9439940973805,1548.928928735504,1.173,1.574,0.2,0.5,1.0,2.0,0.3,0.6,0.2791894486520291,0.4307711155194712,0.5467804234958734,0.4861372604199084,0.6878446866366126,0.1959904734701637,-0.2322290162069198,0.0553892330227046,-0.0431342588822215,-0.0180027339517849,0.3894462670059575,-0.6570166714272134,-0.2322290162069199,2.75,0.0,0.0553892330227046,2.45,0.0,-0.0180027339517849,2.02,0.0,-0.0431342588822215,1.75,0.0,1505.75,1.0033,10,1512.77,1.008,10,-0.7951,-0.7925,1.2684,1.2583,-1.0725,-1.069,0.781,0.7748,-1.2223,-1.2183,0.4991,0.4951,0.3636,0.4082,1.069,1.83,2.9403,4.4825,0.4364,0.6653,-0.173,0.426,-0.0844,0.0226,0.4333,0.3454,NEUTRO
8432115,Colombia_1 Liga BetPlay,16614,1775005200,2140,2147,Deportes Tolima,Rionegro Águilas,incomplete,1.64,3.64,5.3,0.0,0.0,1.28,1.24,1.67,1.33,2026-03-31 22:00,96.3900323722246,0.0520000000000002,0.04,-0.1,0.3399999999999998,0.1,0.0,10,10,1539.736963979697,1493.3469316074725,1.284,1.2319999999999998,0.3,0.4,1.1,1.0,0.3,0.3,0.4624184039421399,0.2623935546542534,0.5396636644744566,0.5127360907428329,0.7045006307566147,0.2103337025543705,-0.2416338175348905,0.390685839667543,-1.0,-1.0,-1.0,-1.0,-0.2416338175348906,1.64,0.0,0.390685839667543,5.3,0.0,,,,,,,1495.88,0.9967,10,1482.48,0.9878,10,-0.6461,-0.6482,-0.4587,-0.4644,-0.7642,-0.7667,-0.2739,-0.2773,-0.8151,-0.8178,0.0387,0.0392,0.6098,0.1887,1.174,1.093,1.9247,5.7918,0.2214,0.6663,-0.184,-0.232,-0.1473,0.0737,0.3333,0.5261,FALSO_FAVORITO_CASA
8432117,Colombia_1 Liga BetPlay,16614,1774818600,2149,2131,La Equidad,Junior,incomplete,0.0,0.0,0.0,1.74,2.0,1.29,1.45,1.62,1.69,2026-03-29 18:10,63.80689081294827,-0.1559999999999999,-0.1599999999999999,-0.2,-0.0699999999999998,-0.1999999999999999,-0.1,10,10,1535.0088538695884,1521.20196305664,1.257,1.4129999999999998,0.3,0.5,1.2,1.4,0.5,0.6,0.3935360214748801,0.3184131670500865,0.5442361221906628,0.5097517657675619,0.7027977107890534,0.2076361383496895,-1.0,-1.0,-0.0530291473882468,0.0195035315351237,0.4055954215781068,-0.6387131192715402,,,,,,,0.0195035315351237,2.0,0.0,-0.0530291473882468,1.74,0.0,1509.18,1.0056,10,1506.26,1.0037,10,-0.4971,-0.4943,0.2321,0.2312,-0.8392,-0.8345,0.2844,0.2834,-0.8151,-0.8106,0.4991,0.4973,,,1.223,1.405,,,,,-0.057,-0.013,,,,,NEUTRO
8432119,Colombia_1 Liga BetPlay,16614,1774731600,2153,2151,Cúcuta Deportivo,Boyacá Chicó,incomplete,1.65,3.55,4.6,2.02,2.08,1.07,0.86,0.62,0.67,2026-03-28 18:00,44.75767538858327,0.3570000000000002,0.21,-0.1,-0.05,0.3999999999999999,0.6000000000000001,10,10,1428.556089017099,1433.798413628516,1.162,0.8049999999999999,0.1,0.2,1.4,1.0,0.6,0.5,0.4304176692266918,0.2857261998269609,0.5296486675345988,0.4976865576301673,0.6983701490984009,0.1901781816649659,-0.2898108457759585,0.3143405192040203,0.0698903084198896,0.035188039870748,0.4526099101246739,-0.6158400730367688,-0.2898108457759586,1.65,0.0,0.31434051920402,4.6,0.0,0.035188039870748,2.08,0.0,0.0698903084198896,2.02,0.0,1485.26,0.9897,10,1519.65,1.0126,10,-0.1991,-0.2012,-0.4587,-0.453,-1.103,-1.1145,-1.591,-1.5712,-1.6295,-1.6465,-0.8821,-0.8711,0.6061,0.2174,1.305,0.922,2.1529,4.2412,0.2837,0.5588,0.238,0.195,-0.1756,0.0683,0.3428,0.6138,FALSO_FAVORITO_CASA
8432120,Colombia_1 Liga BetPlay,16614,1774739400,2140,2150,Deportes Tolima,Jaguares de Córdoba,incomplete,1.37,4.3,9.5,2.4,2.05,1.28,0.99,1.67,0.85,2026-03-28 20:10,167.99117865207268,0.2689999999999999,0.29,0.0999999999999999,0.82,0.4000000000000001,-1.0,10,10,1539.736963979697,1421.7457853276244,1.284,1.015,0.3,0.2,1.1,0.7,0.3,0.5,0.6006380806525385,0.1663318393762073,0.5404521025296531,0.5326993727624839,0.7158372614796816,0.2226298523863111,-0.1771258295060221,0.5801524740739699,0.2970850460711676,0.092033714163092,0.4674663860333472,-0.4656883542728532,-0.1771258295060221,1.37,0.0,0.5801524740739694,9.5,0.0,0.092033714163092,2.05,0.0,0.2970850460711676,2.4,0.0,1495.88,0.9967,10,1481.85,0.9874,10,-0.6461,-0.6482,-0.9769,-0.9894,-0.7642,-0.7667,-0.9432,-0.9552,-0.8151,-0.8178,-0.8821,-0.8934,0.7299,0.1053,1.174,0.826,1.6078,7.847,0.1235,0.6029,-0.184,-0.315,-0.1293,0.0611,0.3623,0.5233,NEUTRO
